name,age,occupation,url
鈴木梨央,17,タレント,https://talent-dictionary.com/%E9%88%B4%E6%9C%A8%E6%A2%A8%E5%A4%AE
石井萌々果,19,タレント,https://talent-dictionary.com/%E7%9F%B3%E4%BA%95%E8%90%8C%E3%80%85%E6%9E%9C
大川春菜,16,女優,https://talent-dictionary.com/%E5%A4%A7%E5%B7%9D%E6%98%A5%E8%8F%9C
新津ちせ,11,女優,https://talent-dictionary.com/%E6%96%B0%E6%B4%A5%E3%81%A1%E3%81%9B
當真あみ,15,女優,https://talent-dictionary.com/%E7%95%B6%E7%9C%9F%E3%81%82%E3%81%BF
畑中有里,19,女優,https://talent-dictionary.com/%E7%95%91%E4%B8%AD%E6%9C%89%E9%87%8C
水月梓温,17,女優,https://talent-dictionary.com/%E6%B0%B4%E6%9C%88%E6%A2%93%E6%B8%A9
秋田汐梨,19,女優,https://talent-dictionary.com/%E7%A7%8B%E7%94%B0%E6%B1%90%E6%A2%A8
紺谷凪乃,16,女優,https://talent-dictionary.com/%E7%B4%BA%E8%B0%B7%E5%87%AA%E4%B9%83
多田成美,18,女優,https://talent-dictionary.com/%E5%A4%9A%E7%94%B0%E6%88%90%E7%BE%8E
松崎未夢,17,女優,https://talent-dictionary.com/%E6%9D%BE%E5%B4%8E%E6%9C%AA%E5%A4%A2
荒川ひなた,17,女優,https://talent-dictionary.com/%E8%8D%92%E5%B7%9D%E3%81%B2%E3%81%AA%E3%81%9F
小林星蘭,17,タレント,https://talent-dictionary.com/%E5%B0%8F%E6%9E%97%E6%98%9F%E8%98%AD
三田村杏子,16,女優,https://talent-dictionary.com/%E4%B8%89%E7%94%B0%E6%9D%91%E6%9D%8F%E5%AD%90
伊藤日菜,16,女優,https://talent-dictionary.com/%E4%BC%8A%E8%97%A4%E6%97%A5%E8%8F%9C
清田みくり,19,女優,https://talent-dictionary.com/%E6%B8%85%E7%94%B0%E3%81%BF%E3%81%8F%E3%82%8A
奥田こころ,18,女優,https://talent-dictionary.com/%E5%A5%A5%E7%94%B0%E3%81%93%E3%81%93%E3%82%8D
小坂菜緒,19,モデル,https://talent-dictionary.com/%E5%B0%8F%E5%9D%82%E8%8F%9C%E7%B7%92
寺田光,16,女優,https://talent-dictionary.com/%E5%AF%BA%E7%94%B0%E5%85%89
佐藤愛桜,15,女優,https://talent-dictionary.com/%E4%BD%90%E8%97%A4%E6%84%9B%E6%A1%9C
河野みなみ,19,タレント,https://talent-dictionary.com/%E6%B2%B3%E9%87%8E%E3%81%BF%E3%81%AA%E3%81%BF
佐野杏羽,14,女優,https://talent-dictionary.com/%E4%BD%90%E9%87%8E%E6%9D%8F%E7%BE%BD
白鳥沙南,16,女優,https://talent-dictionary.com/%E7%99%BD%E9%B3%A5%E6%B2%99%E5%8D%97
新谷ゆづみ,18,女優,https://talent-dictionary.com/%E6%96%B0%E8%B0%B7%E3%82%86%E3%81%A5%E3%81%BF
瀧七海,16,女優,https://talent-dictionary.com/%E7%80%A7%E4%B8%83%E6%B5%B7
伊礼姫奈,16,女優,https://talent-dictionary.com/%E6%A0%B9%E5%B2%B8%E5%A7%AB%E5%A5%88
野中ここな,16,女優,https://talent-dictionary.com/%E9%87%8E%E4%B8%AD%E3%81%93%E3%81%93%E3%81%AA
田中美空,15,女優,https://talent-dictionary.com/%E7%94%B0%E4%B8%AD%E7%BE%8E%E7%A9%BA
戸高美湖,15,女優,https://talent-dictionary.com/%E6%88%B8%E9%AB%98%E7%BE%8E%E6%B9%96
並木彩華,14,女優,https://talent-dictionary.com/%E4%B8%A6%E6%9C%A8%E5%BD%A9%E8%8F%AF
永瀬莉子,19,モデル,https://talent-dictionary.com/%E6%B0%B8%E7%80%AC%E8%8E%89%E5%AD%90
栗本有規,15,女優,https://talent-dictionary.com/%E6%A0%97%E6%9C%AC%E6%9C%89%E8%A6%8F
桑原優妃,18,タレント,https://talent-dictionary.com/%E6%A1%91%E5%8E%9F%E5%84%AA%E5%A6%83
宮下咲,17,女優,https://talent-dictionary.com/%E5%AE%AE%E4%B8%8B%E5%92%B2
杉本瑛,17,女優,https://talent-dictionary.com/%E6%9D%89%E6%9C%AC%E7%91%9B
八木美樹,15,女優,https://talent-dictionary.com/%E5%85%AB%E6%9C%A8%E7%BE%8E%E6%A8%B9
西條七海,14,女優,https://talent-dictionary.com/%E8%A5%BF%E6%A2%9D%E4%B8%83%E6%B5%B7
高瀬穂乃歌,18,女優,https://talent-dictionary.com/%E9%AB%98%E7%80%AC%E7%A9%82%E4%B9%83%E6%AD%8C
鎌田彩樺,18,女優,https://talent-dictionary.com/%E9%8E%8C%E7%94%B0%E5%BD%A9%E6%A8%BA
廣岡実夢,17,女優,https://talent-dictionary.com/%E5%BB%A3%E5%B2%A1%E5%AE%9F%E5%A4%A2
白石こころ,16,女優,https://talent-dictionary.com/%E7%99%BD%E7%9F%B3%E3%81%93%E3%81%93%E3%82%8D
荒木里都,18,モデル,https://talent-dictionary.com/%E8%8D%92%E6%9C%A8%E9%87%8C%E9%83%BD
唯藤絵舞,15,女優,https://talent-dictionary.com/%E5%94%AF%E8%97%A4%E7%B5%B5%E8%88%9E
綾乃琴莉,16,モデル,https://talent-dictionary.com/%E7%B6%BE%E4%B9%83%E7%90%B4%E8%8E%89
高橋菜加,16,女優,https://talent-dictionary.com/%E9%AB%98%E6%A9%8B%E8%8F%9C%E5%8A%A0
中田乃愛,18,女優,https://talent-dictionary.com/%E4%B8%AD%E7%94%B0%E4%B9%83%E6%84%9B
安井南,18,タレント,https://talent-dictionary.com/%E5%AE%89%E4%BA%95%E5%8D%97
花田優里音,17,女優,https://talent-dictionary.com/%E8%8A%B1%E7%94%B0%E5%84%AA%E9%87%8C%E9%9F%B3
宮野陽名,18,モデル,https://talent-dictionary.com/%E5%AE%AE%E9%87%8E%E9%99%BD%E5%90%8D
牧浦乙葵,18,女優,https://talent-dictionary.com/%E7%89%A7%E6%B5%A6%E4%B9%99%E8%91%B5
福田美姫,16,女優,https://talent-dictionary.com/%E7%A6%8F%E7%94%B0%E7%BE%8E%E5%A7%AB
五島月,17,女優,https://talent-dictionary.com/%E4%BA%94%E5%B3%B6%E6%9C%88
守殿愛生,19,女優,https://talent-dictionary.com/%E5%AE%88%E6%AE%BF%E6%84%9B%E7%94%9F
鳥越ゆず,17,女優,https://talent-dictionary.com/%E9%B3%A5%E8%B6%8A%E3%82%86%E3%81%9A
山本麗美,16,女優,https://talent-dictionary.com/%E5%B1%B1%E6%9C%AC%E9%BA%97%E7%BE%8E
齋藤瑠希,19,女優,https://talent-dictionary.com/%E9%BD%8B%E8%97%A4%E7%91%A0%E5%B8%8C
木下紗菜,15,女優,https://talent-dictionary.com/%E6%9C%A8%E4%B8%8B%E7%B4%97%E8%8F%9C
金井菜々,19,女優,https://talent-dictionary.com/%E9%87%91%E4%BA%95%E8%8F%9C%E3%80%85
成宮しずく,15,女優,https://talent-dictionary.com/%E6%88%90%E5%AE%AE%E3%81%97%E3%81%9A%E3%81%8F
片田陽依,17,女優,https://talent-dictionary.com/%E7%89%87%E7%94%B0%E9%99%BD%E4%BE%9D
荒木優那,15,女優,https://talent-dictionary.com/%E8%8D%92%E6%9C%A8%E5%84%AA%E9%82%A3
遠藤璃菜,16,女優,https://talent-dictionary.com/%E9%81%A0%E8%97%A4%E7%92%83%E8%8F%9C
百合原舞,18,女優,https://talent-dictionary.com/%E7%99%BE%E5%90%88%E5%8E%9F%E8%88%9E
安藤美優,15,女優,https://talent-dictionary.com/%E5%AE%89%E8%97%A4%E7%BE%8E%E5%84%AA
森りん,19,女優,https://talent-dictionary.com/%E6%A3%AE%E3%82%8A%E3%82%93
岐津舞,19,女優,https://talent-dictionary.com/%E5%B2%90%E6%B4%A5%E8%88%9E
山田萌々香,19,女優,https://talent-dictionary.com/%E5%B1%B1%E7%94%B0%E8%90%8C%E3%80%85%E9%A6%99
新井美羽,15,女優,https://talent-dictionary.com/%E6%96%B0%E4%BA%95%E7%BE%8E%E7%BE%BD
佐竹桃華,19,女優,https://talent-dictionary.com/%E4%BD%90%E7%AB%B9%E6%A1%83%E8%8F%AF
滝澤エリカ,16,女優,https://talent-dictionary.com/%E6%BB%9D%E6%BE%A4%E3%82%A8%E3%83%AA%E3%82%AB
白鳥瑞季,18,タレント,https://talent-dictionary.com/%E7%99%BD%E9%B3%A5%E7%91%9E%E5%AD%A3
久志本眞子,18,タレント,https://talent-dictionary.com/%E4%B9%85%E5%BF%97%E6%9C%AC%E7%9C%9E%E5%AD%90
伊東蒼,16,女優,https://talent-dictionary.com/%E4%BC%8A%E6%9D%B1%E8%92%BC
松島みのん,18,女優,https://talent-dictionary.com/%E6%9D%BE%E5%B3%B6%E3%81%BF%E3%81%AE%E3%82%93
吉柳咲良,17,女優,https://talent-dictionary.com/%E5%90%89%E6%9F%B3%E5%92%B2%E8%89%AF
稲葉香澄,18,タレント,https://talent-dictionary.com/%E7%A8%B2%E8%91%89%E9%A6%99%E6%BE%84
東ノエル,16,女優,https://talent-dictionary.com/%E6%9D%B1%E3%83%8E%E3%82%A8%E3%83%AB
三木理紗子,19,女優,https://talent-dictionary.com/%E4%B8%89%E6%9C%A8%E7%90%86%E7%B4%97%E5%AD%90
井上音生,17,女優,https://talent-dictionary.com/%E4%BA%95%E4%B8%8A%E9%9F%B3%E7%94%9F
篠川桃音,15,女優,https://talent-dictionary.com/%E7%AF%A0%E5%B7%9D%E6%A1%83%E9%9F%B3
羚奈,16,モデル,https://talent-dictionary.com/%E7%BE%9A%E5%A5%88
市原かれん,17,女優,https://talent-dictionary.com/%E5%B8%82%E5%8E%9F%E3%81%8B%E3%82%8C%E3%82%93
柿澤ゆりあ,19,女優,https://talent-dictionary.com/%E6%9F%BF%E6%BE%A4%E3%82%86%E3%82%8A%E3%81%82
神谷天音,18,女優,https://talent-dictionary.com/%E7%A5%9E%E8%B0%B7%E5%A4%A9%E9%9F%B3
稲川美紅,18,女優,https://talent-dictionary.com/%E7%A8%B2%E5%B7%9D%E7%BE%8E%E7%B4%85
吉村文香,14,女優,https://talent-dictionary.com/%E5%90%89%E6%9D%91%E6%96%87%E9%A6%99
橋本侑芽,18,女優,https://talent-dictionary.com/%E6%A9%8B%E6%9C%AC%E4%BE%91%E8%8A%BD
江森咲輝,16,女優,https://talent-dictionary.com/%E6%B1%9F%E6%A3%AE%E5%92%B2%E8%BC%9D
平岡真衣,18,女優,https://talent-dictionary.com/%E5%B9%B3%E5%B2%A1%E7%9C%9F%E8%A1%A3
山梨美咲,15,女優,https://talent-dictionary.com/%E5%B1%B1%E6%A2%A8%E7%BE%8E%E5%92%B2
新嘉喜由芽,19,女優,https://talent-dictionary.com/%E6%96%B0%E5%98%89%E5%96%9C%E7%94%B1%E8%8A%BD
小野結衣里,17,タレント,https://talent-dictionary.com/%E5%B0%8F%E9%87%8E%E7%B5%90%E8%A1%A3%E9%87%8C
赤澤巴菜乃,18,女優,https://talent-dictionary.com/%E8%B5%A4%E6%BE%A4%E5%B7%B4%E8%8F%9C%E4%B9%83
濱田ここね,18,女優,https://talent-dictionary.com/%E6%BF%B1%E7%94%B0%E3%81%93%E3%81%93%E3%81%AD
三浦理奈,18,女優,https://talent-dictionary.com/%E4%B8%89%E6%B5%A6%E7%90%86%E5%A5%88
池間夏海,19,女優,https://talent-dictionary.com/%E6%B1%A0%E9%96%93%E5%A4%8F%E6%B5%B7
青井乃乃,18,モデル,https://talent-dictionary.com/%E9%9D%92%E4%BA%95%E4%B9%83%E4%B9%83
麻生真彩,18,タレント,https://talent-dictionary.com/%E9%BA%BB%E7%94%9F%E7%9C%9F%E5%BD%A9
関屋利歩,17,女優,https://talent-dictionary.com/%E9%96%A2%E5%B1%8B%E5%88%A9%E6%AD%A9
岩崎春果,18,女優,https://talent-dictionary.com/%E5%B2%A9%E5%B4%8E%E6%98%A5%E6%9E%9C
井上澄玲,17,女優,https://talent-dictionary.com/%E4%BA%95%E4%B8%8A%E6%BE%84%E7%8E%B2
植村友結,18,タレント,https://talent-dictionary.com/%E6%A4%8D%E6%9D%91%E5%8F%8B%E7%B5%90
北川花音,16,女優,https://talent-dictionary.com/%E5%8C%97%E5%B7%9D%E8%8A%B1%E9%9F%B3
宮原和,17,女優,https://talent-dictionary.com/%E5%AE%AE%E5%8E%9F%E5%92%8C
茅島みずき,17,モデル,https://talent-dictionary.com/%E8%8C%85%E5%B3%B6%E3%81%BF%E3%81%9A%E3%81%8D
大川優羽,15,女優,https://talent-dictionary.com/%E5%A4%A7%E5%B7%9D%E5%84%AA%E7%BE%BD
宮野叶愛,18,タレント,https://talent-dictionary.com/%E5%AE%AE%E9%87%8E%E5%8F%B6%E6%84%9B
高野渚,19,女優,https://talent-dictionary.com/%E9%AB%98%E9%87%8E%E6%B8%9A
古城蛍月,14,女優,https://talent-dictionary.com/%E5%8F%A4%E5%9F%8E%E8%9B%8D%E6%9C%88
村重マリア,17,女優,https://talent-dictionary.com/%E6%9D%91%E9%87%8D%E3%83%9E%E3%83%AA%E3%82%A2
中村守里,18,女優,https://talent-dictionary.com/%E4%B8%AD%E6%9D%91%E5%AE%88%E9%87%8C
井本彩花,18,女優,https://talent-dictionary.com/%E4%BA%95%E6%9C%AC%E5%BD%A9%E8%8A%B1
山田望叶,17,女優,https://talent-dictionary.com/%E5%B1%B1%E7%94%B0%E6%9C%9B%E5%8F%B6
丸本凛,16,女優,https://talent-dictionary.com/%E4%B8%B8%E6%9C%AC%E5%87%9B
上原千果,15,女優,https://talent-dictionary.com/%E4%B8%8A%E5%8E%9F%E5%8D%83%E6%9E%9C
吉井乃歌,19,女優,https://talent-dictionary.com/%E5%90%89%E4%BA%95%E4%B9%83%E6%AD%8C
竹道星来,18,女優,https://talent-dictionary.com/%E7%AB%B9%E9%81%93%E6%98%9F%E6%9D%A5
田辺かの,19,モデル,https://talent-dictionary.com/%E7%94%B0%E8%BE%BA%E3%81%8B%E3%81%AE
国本梨紗,19,女優,https://talent-dictionary.com/%E5%9B%BD%E6%9C%AC%E6%A2%A8%E7%B4%97
山田夏音,15,女優,https://talent-dictionary.com/%E5%B1%B1%E7%94%B0%E5%A4%8F%E9%9F%B3
松波怜,17,モデル,https://talent-dictionary.com/%E6%9D%BE%E6%B3%A2%E6%80%9C
照内心陽,14,女優,https://talent-dictionary.com/%E7%85%A7%E5%86%85%E5%BF%83%E9%99%BD
仲田ゆき,14,女優,https://talent-dictionary.com/%E4%BB%B2%E7%94%B0%E3%82%86%E3%81%8D
竹内詩乃,19,女優,https://talent-dictionary.com/%E7%AB%B9%E5%86%85%E8%A9%A9%E4%B9%83
根岸実花,14,女優,https://talent-dictionary.com/%E6%A0%B9%E5%B2%B8%E5%AE%9F%E8%8A%B1
野崎結愛,14,女優,https://talent-dictionary.com/%E9%87%8E%E5%B4%8E%E7%B5%90%E6%84%9B
秋本レイラニ,15,モデル,https://talent-dictionary.com/%E7%A7%8B%E6%9C%AC%E3%83%AC%E3%82%A4%E3%83%A9%E3%83%8B
米倉れいあ,17,タレント,https://talent-dictionary.com/%E7%B1%B3%E5%80%89%E3%82%8C%E3%81%84%E3%81%82
山下森羅,15,女優,https://talent-dictionary.com/%E5%B1%B1%E4%B8%8B%E6%A3%AE%E7%BE%85
平田空,14,女優,https://talent-dictionary.com/%E5%B9%B3%E7%94%B0%E7%A9%BA
日髙麻鈴,18,女優,https://talent-dictionary.com/%E6%97%A5%E9%AB%99%E9%BA%BB%E9%88%B4
葉月実凜,14,女優,https://talent-dictionary.com/%E8%91%89%E6%9C%88%E5%AE%9F%E5%87%9C
大山里,18,女優,https://talent-dictionary.com/%E5%A4%A7%E5%B1%B1%E9%87%8C
田口乙葉,19,女優,https://talent-dictionary.com/%E7%94%B0%E5%8F%A3%E4%B9%99%E8%91%89
石川翔鈴,19,女優,https://talent-dictionary.com/%E7%9F%B3%E5%B7%9D%E7%BF%94%E9%88%B4
石川涼楓,19,タレント,https://talent-dictionary.com/%E7%9F%B3%E5%B7%9D%E6%B6%BC%E6%A5%93
安藤簓,15,女優,https://talent-dictionary.com/%E5%AE%89%E8%97%A4%E7%B0%93
滝川姫奈,18,女優,https://talent-dictionary.com/%E6%BB%9D%E5%B7%9D%E5%A7%AB%E5%A5%88
加藤菜津,19,女優,https://talent-dictionary.com/%E5%8A%A0%E8%97%A4%E8%8F%9C%E6%B4%A5
小宮山莉渚,16,女優,https://talent-dictionary.com/%E5%B0%8F%E5%AE%AE%E5%B1%B1%E8%8E%89%E6%B8%9A
山中蓮名,17,女優,https://talent-dictionary.com/%E5%B1%B1%E4%B8%AD%E8%93%AE%E5%90%8D
浜名真央,15,女優,https://talent-dictionary.com/%E6%B5%9C%E5%90%8D%E7%9C%9F%E5%A4%AE
田中海咲,19,女優,https://talent-dictionary.com/%E7%94%B0%E4%B8%AD%E6%B5%B7%E5%92%B2
和泉詩,16,女優,https://talent-dictionary.com/%E5%92%8C%E6%B3%89%E8%A9%A9
小高サラ,18,女優,https://talent-dictionary.com/%E5%B0%8F%E9%AB%98%E3%82%B5%E3%83%A9
月井美緒,17,女優,https://talent-dictionary.com/%E6%9C%88%E4%BA%95%E7%BE%8E%E7%B7%92
清水柚羽,19,女優,https://talent-dictionary.com/%E6%B8%85%E6%B0%B4%E6%9F%9A%E7%BE%BD
田幡妃菜,17,女優,https://talent-dictionary.com/%E7%94%B0%E5%B9%A1%E5%A6%83%E8%8F%9C
宮内杏璃,18,女優,https://talent-dictionary.com/%E5%AE%AE%E5%86%85%E6%9D%8F%E7%92%83
永田凜,19,女優,https://talent-dictionary.com/%E6%B0%B8%E7%94%B0%E5%87%9C
高橋茉綾,19,タレント,https://talent-dictionary.com/%E9%AB%98%E6%A9%8B%E8%8C%89%E7%B6%BE
藤嶋花音,17,女優,https://talent-dictionary.com/%E8%97%A4%E5%B6%8B%E8%8A%B1%E9%9F%B3
町田恵里那,17,女優,https://talent-dictionary.com/%E7%94%BA%E7%94%B0%E6%81%B5%E9%87%8C%E9%82%A3
長見玲亜,19,女優,https://talent-dictionary.com/%E9%95%B7%E8%A6%8B%E7%8E%B2%E4%BA%9C
深尾あむ,16,女優,https://talent-dictionary.com/%E6%B7%B1%E5%B0%BE%E3%81%82%E3%82%80
上坂樹里,16,女優,https://talent-dictionary.com/%E4%B8%8A%E5%9D%82%E6%A8%B9%E9%87%8C
近藤華,14,女優,https://talent-dictionary.com/%E8%BF%91%E8%97%A4%E8%8F%AF
髙石あかり,19,女優,https://talent-dictionary.com/%E9%AB%99%E7%9F%B3%E3%81%82%E3%81%8B%E3%82%8A
山田菜々香,17,女優,https://talent-dictionary.com/%E5%B1%B1%E7%94%B0%E8%8F%9C%E3%80%85%E9%A6%99
広橋佳苗,19,女優,https://talent-dictionary.com/%E5%BA%83%E6%A9%8B%E4%BD%B3%E8%8B%97
戸羽望実,16,女優,https://talent-dictionary.com/%E6%88%B8%E7%BE%BD%E6%9C%9B%E5%AE%9F
白上心望,19,モデル,https://talent-dictionary.com/%E7%99%BD%E4%B8%8A%E5%BF%83%E6%9C%9B
ごとうひな,19,タレント,https://talent-dictionary.com/%E3%81%94%E3%81%A8%E3%81%86%E3%81%B2%E3%81%AA
南条優衣,16,女優,https://talent-dictionary.com/%E5%8D%97%E6%9D%A1%E5%84%AA%E8%A1%A3
鎌田らい樹,18,女優,https://talent-dictionary.com/%E9%8E%8C%E7%94%B0%E3%82%89%E3%81%84%E6%A8%B9
成田紗良,18,女優,https://talent-dictionary.com/%E6%88%90%E7%94%B0%E7%B4%97%E8%89%AF
中尾百合音,18,女優,https://talent-dictionary.com/%E4%B8%AD%E5%B0%BE%E7%99%BE%E5%90%88%E9%9F%B3
吉田明花音,19,タレント,https://talent-dictionary.com/%E5%90%89%E7%94%B0%E6%98%8E%E8%8A%B1%E9%9F%B3
凛美,15,女優,https://talent-dictionary.com/%E5%87%9B%E7%BE%8E
山田瑠々,18,女優,https://talent-dictionary.com/%E5%B1%B1%E7%94%B0%E7%91%A0%E3%80%85
蒔田彩珠,19,女優,https://talent-dictionary.com/%E8%92%94%E7%94%B0%E5%BD%A9%E7%8F%A0
若柳琴子,18,女優,https://talent-dictionary.com/%E8%8B%A5%E6%9F%B3%E7%90%B4%E5%AD%90
ナナエ,16,タレント,https://talent-dictionary.com/%E3%83%8A%E3%83%8A%E3%82%A8
涼田麗乃,18,女優,https://talent-dictionary.com/%E6%B6%BC%E7%94%B0%E9%BA%97%E4%B9%83
清水香帆,13,モデル,https://talent-dictionary.com/%E6%B8%85%E6%B0%B4%E9%A6%99%E5%B8%86
青木花,18,女優,https://talent-dictionary.com/%E9%9D%92%E6%9C%A8%E8%8A%B1
小寺結花,15,女優,https://talent-dictionary.com/%E5%B0%8F%E5%AF%BA%E7%B5%90%E8%8A%B1
咲田まい,15,モデル,https://talent-dictionary.com/%E5%92%B2%E7%94%B0%E3%81%BE%E3%81%84
南琴奈,15,女優,https://talent-dictionary.com/%E5%8D%97%E7%90%B4%E5%A5%88
莉子,19,モデル,https://talent-dictionary.com/%E8%8E%89%E5%AD%90
