物件名,アドレス,最寄り,築年/階,階,賃料/管理費,敷金/礼金,間取り/専有面積
長谷川アパート,千葉県柏市あけぼの４,"ＪＲ常磐線/柏駅 歩10分
None
None
","
築61年
2階建
","
											2階","1. 賃料: 2万円
1. 管理費: 2000円
2. 賃料: 2万円
2. 管理費: 2000円
","1. 敷金: -
1. 礼金: -
2. 敷金: -
2. 礼金: -
","1. 1K
1. 13.6m2
2. ワンルーム
2. 13.6m2
"
ワイズコーポラス,千葉県柏市旭町２,"ＪＲ常磐線/柏駅 歩10分
ＪＲ常磐線/南柏駅 歩27分
ＪＲ常磐線/北柏駅 歩42分
","
築56年
2階建
","
											2階","1. 賃料: 3.9万円
1. 管理費: -
2. 賃料: 4.1万円
2. 管理費: -
","1. 敷金: 3.9万円
1. 礼金: -
2. 敷金: 4.1万円
2. 礼金: -
","1. 2K
1. 22m2
2. 2K
2. 22m2
"
柏市旭町四丁目貸家,千葉県柏市旭町４,"ＪＲ常磐線/柏駅 歩15分
ＪＲ常磐線/南柏駅 歩24分
東武野田線/豊四季駅 歩32分
","
築47年
2階建
","
											1-2階","1. 賃料: 8万円
1. 管理費: -
2. 賃料: 8万円
2. 管理費: -
","1. 敷金: 16万円
1. 礼金: -
2. 敷金: 16万円
2. 礼金: -
","1. 3DK
1. 65.19m2
2. 3DK
2. 65.19m2
"
ＪＲ常磐線 柏駅 2階建 築47年,千葉県柏市旭町４,"ＪＲ常磐線/柏駅 歩15分
東武野田線/柏駅 歩15分
ＪＲ常磐線/南柏駅 歩25分
","
築47年
2階建
","
											1-2階","1. 賃料: 8万円
1. 管理費: -
","1. 敷金: 16万円
1. 礼金: -
","1. 3DK
1. 65.19m2
"
日新柏マンション,千葉県柏市柏６,"ＪＲ常磐線/柏駅 歩9分
東武野田線/柏駅 歩9分
ＪＲ常磐線/北柏駅 歩23分
","
築51年
7階建
","
											4階","1. 賃料: 6.7万円
1. 管理費: 5000円
","1. 敷金: 6.7万円
1. 礼金: -
","1. 2LDK
1. 58.28m2
"
安藤荘,千葉県柏市旭町４,"ＪＲ常磐線/柏駅 歩12分
ＪＲ常磐線/南柏駅 歩29分
東武野田線/豊四季駅 歩29分
","
築49年
2階建
","
											2階","1. 賃料: 2.8万円
1. 管理費: -
","1. 敷金: -
1. 礼金: -
","1. 1K
1. 20m2
"
東マンション,千葉県柏市柏５,"ＪＲ常磐線/柏駅 歩7分
ＪＲ常磐線/北柏駅 歩26分
つくばエクスプレス/柏の葉キャンパス駅 車11分(4.8km)
","
築51年
2階建
","
											2階","1. 賃料: 5万円
1. 管理費: 3000円
","1. 敷金: -
1. 礼金: -
","1. 1DK
1. 30m2
"
Jハイツ,千葉県柏市柏５,"ＪＲ常磐線/柏駅 歩6分
ＪＲ常磐線/北柏駅 歩25分
ＪＲ常磐線/南柏駅 歩40分
","
築51年
2階建
","
											1階","1. 賃料: 2.9万円
1. 管理費: 5000円
","1. 敷金: 2.9万円
1. 礼金: -
","1. 1K
1. 24.75m2
"
サンハイツ柏,千葉県柏市旭町２,"ＪＲ常磐線/柏駅 歩7分
ＪＲ常磐線/南柏駅 歩24分
東武野田線/豊四季駅 歩36分
","
築50年
2階建
","
											1階","1. 賃料: 3万円
1. 管理費: 5000円
","1. 敷金: -
1. 礼金: -
","1. 1K
1. 19.87m2
"
ＪＲ常磐線 柏駅 3階建 築36年,千葉県柏市あけぼの２,"ＪＲ常磐線/柏駅 歩15分
東武野田線/柏駅 歩15分
ＪＲ常磐線/柏駅 歩15分
","
築36年
3階建
","
											1階","1. 賃料: 9.2万円
1. 管理費: 10000円
","1. 敷金: 9.2万円
1. 礼金: -
","1. 2LDK
1. 100m2
"
ランドフォレスト柏,千葉県柏市あけぼの２,"ＪＲ常磐線/柏駅 歩15分
東武野田線/柏駅 歩15分
ＪＲ常磐線/北柏駅 歩20分
","
築36年
3階建
","
											1階","1. 賃料: 9.2万円
1. 管理費: 10000円
","1. 敷金: 9.2万円
1. 礼金: -
","1. 3LDK
1. 100m2
"
サンハイツ,千葉県柏市旭町４,"ＪＲ常磐線/柏駅 歩10分
東武野田線/豊四季駅 歩33分
つくばエクスプレス/柏の葉キャンパス駅 バス20分 (バス停)柏駅西口下車 歩10分
","
築42年
3階建
","
											3階","1. 賃料: 6.5万円
1. 管理費: -
","1. 敷金: -
1. 礼金: -
","1. 3DK
1. 55.01m2
"
ジュネパレス柏第１７,千葉県柏市柏,"ＪＲ常磐線/柏駅 歩17分
ＪＲ常磐線/北柏駅 歩15分
ＪＲ常磐線/我孫子駅 車9分(4.6km)
","
築36年
2階建
","
											2階","1. 賃料: 3.4万円
1. 管理費: 3500円
","1. 敷金: -
1. 礼金: -
","1. 1K
1. 14.58m2
"
東宮前ハイツ,千葉県柏市柏６,"ＪＲ常磐線/柏駅 歩8分
東武野田線/柏駅 歩8分
ＪＲ常磐線/北柏駅 歩19分
","
築37年
2階建
","
											2階","1. 賃料: 5.3万円
1. 管理費: 2000円
","1. 敷金: -
1. 礼金: -
","1. 2DK
1. 40m2
"
kawaguchiテラス,千葉県柏市旭町４,"ＪＲ常磐線/柏駅 歩12分
ＪＲ常磐線/南柏駅 歩31分
東武野田線/豊四季駅 歩32分
","
築40年
2階建
","
											2階","1. 賃料: 6万円
1. 管理費: -
","1. 敷金: -
1. 礼金: -
","1. 2DK
1. 47m2
"
ＪＲ常磐線 柏駅 2階建 築36年,千葉県柏市あけぼの２,"ＪＲ常磐線/柏駅 歩12分
東武野田線/柏駅 歩12分
ＪＲ常磐線/北柏駅 歩23分
","
築36年
2階建
","
											1階","1. 賃料: 3万円
1. 管理費: 2000円
","1. 敷金: -
1. 礼金: -
","1. 1K
1. 15.99m2
"
メゾン柏,千葉県柏市旭町２,"ＪＲ常磐線/柏駅 歩9分
ＪＲ常磐線/南柏駅 歩25分
東武野田線/新柏駅 歩38分
","
築43年
2階建
","
											1階","1. 賃料: 3.8万円
1. 管理費: 2500円
","1. 敷金: 3.8万円
1. 礼金: -
","1. 1DK
1. 24.8m2
"
メゾンオーキスＡ棟,千葉県柏市柏７,"ＪＲ常磐線/柏駅 歩10分
東武野田線/柏駅 歩10分
ＪＲ常磐線/北柏駅 歩23分
","
築37年
2階建
","
											1階","1. 賃料: 3.2万円
1. 管理費: 3000円
2. 賃料: 4.5万円
2. 管理費: 3000円
3. 賃料: 4.7万円
3. 管理費: 3000円
4. 賃料: 5.3万円
4. 管理費: 5000円
","1. 敷金: -
1. 礼金: -
2. 敷金: -
2. 礼金: -
3. 敷金: -
3. 礼金: -
4. 敷金: -
4. 礼金: -
","1. 1K
1. 19.8m2
2. 1K
2. 19.71m2
3. 1K
3. 19.8m2
4. 1K
4. 19.8m2
"
オリーブガーデン,千葉県柏市旭町５,"ＪＲ常磐線/柏駅 歩9分
ＪＲ武蔵野線/新松戸駅 車15分(6.7km)
つくばエクスプレス/柏の葉キャンパス駅 車10分(5.8km)
","
築35年
4階建
","
											3階","1. 賃料: 8.9万円
1. 管理費: 7000円
","1. 敷金: 8.9万円
1. 礼金: -
","1. 3LDK
1. 57m2
"
アークヒル・カシワ,千葉県柏市柏,"ＪＲ常磐線/北柏駅 歩15分
ＪＲ常磐線/柏駅 歩25分
ＪＲ常磐線/南柏駅 車12分(4.7km)
","
築31年
2階建
","
											1階","1. 賃料: 5.4万円
1. 管理費: 3000円
2. 賃料: 5.6万円
2. 管理費: 3000円
","1. 敷金: 10.8万円
1. 礼金: -
2. 敷金: 5.6万円
2. 礼金: -
","1. 2LDK
1. 50.78m2
2. 2LDK
2. 50.78m2
"
アクステージ,千葉県柏市柏６,"ＪＲ常磐線/柏駅 歩9分
東武野田線/柏駅 歩9分
None
","
築26年
6階建
","
											3階","1. 賃料: 8万円
1. 管理費: 8000円
2. 賃料: 8.1万円
2. 管理費: 8000円
3. 賃料: 8.2万円
3. 管理費: 8000円
","1. 敷金: 8万円
1. 礼金: -
2. 敷金: 8.1万円
2. 礼金: -
3. 敷金: 8.2万円
3. 礼金: -
","1. 1LDK
1. 44.03m2
2. 1LDK
2. 41.64m2
3. 1LDK
3. 44.03m2
"
サニー柏,千葉県柏市あけぼの４,"ＪＲ常磐線/柏駅 歩10分
ＪＲ常磐線/北柏駅 歩28分
東武野田線/豊四季駅 歩40分
","
築40年
3階建
","
											1階","1. 賃料: 7.2万円
1. 管理費: 3000円
","1. 敷金: -
1. 礼金: -
","1. 3DK
1. 52.17m2
"
ジュネパレス柏第27,千葉県柏市あけぼの２,"ＪＲ常磐線/柏駅 歩12分
ＪＲ常磐線/北柏駅 歩25分
つくばエクスプレス/柏の葉キャンパス駅 バス18分 (バス停)あけぼの町 歩9分
","
築36年
2階建
","
											1階","1. 賃料: 3万円
1. 管理費: 2000円
2. 賃料: 3万円
2. 管理費: 2000円
","1. 敷金: -
1. 礼金: -
2. 敷金: -
2. 礼金: -
","1. 1K
1. 15.99m2
2. 1K
2. 15.99m2
"
木崎台マンション,千葉県柏市柏,"ＪＲ常磐線/柏駅 歩15分
つくばエクスプレス/柏たなか駅 バス18分 (バス停)呼塚交差点 歩5分
ＪＲ常磐線/北柏駅 歩15分
","
築31年
6階建
","
											1階","1. 賃料: 7.8万円
1. 管理費: 7000円
","1. 敷金: -
1. 礼金: -
","1. 3LDK
1. 66m2
"
ＪＲ常磐線 柏駅 3階建 築40年,千葉県柏市あけぼの４,"ＪＲ常磐線/柏駅 歩9分
ＪＲ常磐線/北柏駅 歩33分
東武野田線/豊四季駅 歩40分
","
築40年
3階建
","
											1階","1. 賃料: 7.7万円
1. 管理費: 3000円
","1. 敷金: -
1. 礼金: -
","1. 3DK
1. 52.17m2
"
コスモ柏２,千葉県柏市柏７,"ＪＲ常磐線/柏駅 歩13分
東武野田線/柏駅 歩13分
ＪＲ常磐線/北柏駅 歩27分
","
築33年
3階建
","
											3階","1. 賃料: 12.5万円
1. 管理費: -
2. 賃料: 12.5万円
2. 管理費: -
3. 賃料: 12.8万円
3. 管理費: -
","1. 敷金: 12.5万円
1. 礼金: -
2. 敷金: 12.5万円
2. 礼金: -
3. 敷金: 12.8万円
3. 礼金: -
","1. 4LDK
1. 95.25m2
2. 4LDK
2. 91.77m2
3. 4LDK
3. 91.77m2
"
ＪＲ常磐線 柏駅 3階建 築33年,千葉県柏市柏７,"ＪＲ常磐線/柏駅 歩13分
ＪＲ常磐線/北柏駅 歩27分
None
","
築33年
3階建
","
											3階","1. 賃料: 12.5万円
1. 管理費: -
2. 賃料: 12.8万円
2. 管理費: -
","1. 敷金: 12.5万円
1. 礼金: -
2. 敷金: 12.8万円
2. 礼金: -
","1. 4LDK
1. 95.25m2
2. 4LDK
2. 91.77m2
"
藤和柏コープ,千葉県柏市柏２,"ＪＲ常磐線/柏駅 歩3分
東武野田線/柏駅 歩3分
ＪＲ常磐線/南柏駅 歩39分
","
築42年
7階建
","
											2階","1. 賃料: 8.4万円
1. 管理費: 5000円
","1. 敷金: 8.4万円
1. 礼金: -
","1. 3DK
1. 53m2
"
キャピタル柏,千葉県柏市旭町５,"ＪＲ常磐線/柏駅 歩13分
ＪＲ常磐線/南柏駅 歩26分
東武野田線/新柏駅 車10分(3.9km)
","
築35年
2階建
","
											2階","1. 賃料: 2.5万円
1. 管理費: 3000円
2. 賃料: 2.5万円
2. 管理費: 3000円
3. 賃料: 3万円
3. 管理費: 3000円
4. 賃料: 3万円
4. 管理費: 3000円
5. 賃料: 3万円
5. 管理費: 3000円
","1. 敷金: -
1. 礼金: -
2. 敷金: -
2. 礼金: -
3. 敷金: -
3. 礼金: -
4. 敷金: -
4. 礼金: -
5. 敷金: -
5. 礼金: -
","1. ワンルーム
1. 14m2
2. ワンルーム
2. 14m2
3. ワンルーム
3. 14.16m2
4. ワンルーム
4. 14m2
5. ワンルーム
5. 14m2
"
サンクレストハイツ,千葉県柏市あけぼの２,"ＪＲ常磐線/柏駅 歩14分
東武野田線/柏駅 歩14分
None
","
築34年
2階建
","
											1階","1. 賃料: 5.2万円
1. 管理費: 1000円
2. 賃料: 5.2万円
2. 管理費: 1000円
","1. 敷金: 10.4万円
1. 礼金: -
2. 敷金: 10.4万円
2. 礼金: -
","1. 2DK
1. 39m2
2. 2DK
2. 39m2
"
柏桜苑マンション,千葉県柏市あけぼの２,"ＪＲ常磐線/柏駅 歩9分
東武野田線/柏駅 歩9分
None
","
築39年
3階建
","
											3階","1. 賃料: 5.6万円
1. 管理費: 3000円
","1. 敷金: 5.6万円
1. 礼金: -
","1. 2DK
1. 41.84m2
"
セザール柏,千葉県柏市あけぼの３,"ＪＲ常磐線/柏駅 歩10分
ＪＲ常磐線/北柏駅 バス4分 (バス停)あけぼの町 歩2分
つくばエクスプレス/柏の葉キャンパス駅 バス22分 (バス停)柏第一小学校前 歩4分
","
築35年
4階建
","
											3階","1. 賃料: 4.6万円
1. 管理費: 4000円
2. 賃料: 8万円
2. 管理費: 5000円
","1. 敷金: 4.6万円
1. 礼金: 4.6万円
2. 敷金: 8万円
2. 礼金: 8万円
","1. 1DK
1. 24.75m2
2. 3LDK
2. 57.75m2
"
レジデンス鶴島,千葉県柏市旭町４,"ＪＲ常磐線/柏駅 歩8分
ＪＲ常磐線/南柏駅 歩25分
東武野田線/豊四季駅 歩33分
","
築40年
2階建
","
											2階","1. 賃料: 4.5万円
1. 管理費: 3000円
","1. 敷金: -
1. 礼金: -
","1. 2K
1. 31.47m2
"
山本第３コーポ,千葉県柏市柏５,"ＪＲ常磐線/柏駅 歩10分
ＪＲ常磐線/北柏駅 歩22分
東武野田線/柏駅 歩10分
","
築37年
地下1地上3階建
","
											1階","1. 賃料: 5.5万円
1. 管理費: 3000円
","1. 敷金: 11万円
1. 礼金: -
","1. 2DK
1. 38m2
"
ストリームハイツ,千葉県柏市柏６,"ＪＲ常磐線/柏駅 歩11分
東武野田線/柏駅 歩11分
ＪＲ常磐線/北柏駅 歩25分
","
築36年
2階建
","
											2階","1. 賃料: 6.2万円
1. 管理費: 3000円
","1. 敷金: 6.2万円
1. 礼金: -
","1. 2K
1. 30.83m2
"
ＪＲ常磐線 柏駅 4階建 築36年,千葉県柏市旭町５,"ＪＲ常磐線/柏駅 歩9分
ＪＲ常磐線/南柏駅 歩26分
つくばエクスプレス/流山おおたかの森駅 車17分(5.1km)
","
築36年
4階建
","
											3階","1. 賃料: 8.9万円
1. 管理費: 7000円
2. 賃料: 8.9万円
2. 管理費: 7000円
","1. 敷金: 8.9万円
1. 礼金: -
2. 敷金: 8.9万円
2. 礼金: -
","1. 3LDK
1. 57m2
2. 3LDK
2. 57m2
"
ドゥオーモ柏,千葉県柏市柏,"ＪＲ常磐線/柏駅 歩15分
ＪＲ常磐線/北柏駅 歩17分
None
","
築33年
2階建
","
											1階","1. 賃料: 2.2万円
1. 管理費: 5000円
","1. 敷金: -
1. 礼金: -
","1. 1K
1. 16.2m2
"
第6メゾン祥,千葉県柏市旭町４,"ＪＲ常磐線/柏駅 歩8分
ＪＲ常磐線/南柏駅 歩27分
東武野田線/柏駅 歩8分
","
築37年
3階建
","
											3階","1. 賃料: 3万円
1. 管理費: 3000円
2. 賃料: 3.2万円
2. 管理費: 3000円
","1. 敷金: -
1. 礼金: -
2. 敷金: -
2. 礼金: -
","1. 1K
1. 20m2
2. 1K
2. 21.48m2
"
紫屋ビル,千葉県柏市柏３,"ＪＲ常磐線/柏駅 歩5分
ＪＲ常磐線/南柏駅 歩35分
ＪＲ常磐線/北柏駅 歩30分
","
築36年
5階建
","
											5階","1. 賃料: 3.5万円
1. 管理費: 5000円
2. 賃料: 3.5万円
2. 管理費: 5000円
3. 賃料: 3.5万円
3. 管理費: 5000円
4. 賃料: 3.8万円
4. 管理費: 5000円
5. 賃料: 10.3万円
5. 管理費: -
","1. 敷金: -
1. 礼金: -
2. 敷金: -
2. 礼金: -
3. 敷金: -
3. 礼金: -
4. 敷金: -
4. 礼金: -
5. 敷金: -
5. 礼金: -
","1. ワンルーム
1. 16.95m2
2. ワンルーム
2. 16.95m2
3. ワンルーム
3. 16m2
4. ワンルーム
4. 16.95m2
5. 2DK
5. 64m2
"
ＪＲ常磐線 柏駅 4階建 築37年,千葉県柏市柏６,"ＪＲ常磐線/柏駅 歩11分
None
None
","
築37年
4階建
","
											3階","1. 賃料: 3.5万円
1. 管理費: 5000円
2. 賃料: 3.7万円
2. 管理費: 5000円
","1. 敷金: -
1. 礼金: -
2. 敷金: -
2. 礼金: -
","1. ワンルーム
1. 21m2
2. 1K
2. 21m2
"
オーキスビル,千葉県柏市柏６,"ＪＲ常磐線/柏駅 歩11分
つくばエクスプレス/柏の葉キャンパス駅 バス20分 (バス停)柏駅西口 歩12分
ＪＲ常磐線/北柏駅 歩28分
","
築32年
4階建
","
											3階","1. 賃料: 3.7万円
1. 管理費: 5000円
2. 賃料: 3.7万円
2. 管理費: 5000円
","1. 敷金: -
1. 礼金: -
2. 敷金: -
2. 礼金: -
","1. ワンルーム
1. 19.44m2
2. ワンルーム
2. 21m2
"
ＪＲ常磐線 柏駅 2階建 築37年,千葉県柏市柏７,"ＪＲ常磐線/柏駅 歩10分
東武野田線/柏駅 歩10分
ＪＲ常磐線/北柏駅 歩24分
","
築37年
2階建
","
											1階","1. 賃料: 4.5万円
1. 管理費: 3000円
","1. 敷金: -
1. 礼金: -
","1. 1K
1. 19.8m2
"
ＪＲ常磐線 柏駅 4階建 築35年,千葉県柏市あけぼの３,"ＪＲ常磐線/柏駅 歩10分
None
東武野田線/柏駅 歩10分
","
築35年
4階建
","
											3階","1. 賃料: 4.6万円
1. 管理費: 4000円
2. 賃料: 8万円
2. 管理費: 5000円
","1. 敷金: 4.6万円
1. 礼金: 4.6万円
2. 敷金: 8万円
2. 礼金: 8万円
","1. 1DK
1. 24.75m2
2. 3LDK
2. 57.75m2
"
ファミーユ宮前Ｂ,千葉県柏市柏,"ＪＲ常磐線/柏駅 歩20分
ＪＲ常磐線/北柏駅 歩15分
None
","
築27年
2階建
","
											1階","1. 賃料: 7万円
1. 管理費: 3000円
","1. 敷金: -
1. 礼金: -
","1. 2LDK
1. 53m2
"
ヴィラ小溝,千葉県柏市柏６,"ＪＲ常磐線/柏駅 歩9分
ＪＲ常磐線/北柏駅 歩23分
つくばエクスプレス/柏の葉キャンパス駅 歩56分
","
築33年
3階建
","
											2階","1. 賃料: 9.2万円
1. 管理費: 3000円
2. 賃料: 9万円
2. 管理費: 5000円
3. 賃料: 9.1万円
3. 管理費: 5000円
4. 賃料: 9.2万円
4. 管理費: 5000円
","1. 敷金: 9.2万円
1. 礼金: -
2. 敷金: 9万円
2. 礼金: -
3. 敷金: 9.1万円
3. 礼金: -
4. 敷金: 9.2万円
4. 礼金: -
","1. 3DK
1. 57.46m2
2. 3DK
2. 53.87m2
3. 3LDK
3. 55m2
4. 3LDK
4. 57.51m2
"
オオクマハイツ,千葉県柏市旭町３,"ＪＲ常磐線/柏駅 歩6分
東武野田線/柏駅 歩6分
ＪＲ常磐線/柏駅 歩6分
","
築37年
2階建
","
											1階","1. 賃料: 3.8万円
1. 管理費: 2000円
","1. 敷金: -
1. 礼金: -
","1. 1DK
1. 32.4m2
"
ジュネパレス柏第７２,千葉県柏市柏６,"ＪＲ常磐線/柏駅 歩10分
ＪＲ常磐線/北柏駅 歩22分
None
","
築35年
2階建
","
											1階","1. 賃料: 2.7万円
1. 管理費: 3500円
","1. 敷金: -
1. 礼金: -
","1. 1K
1. 14.44m2
"
コーポブルーメ,千葉県柏市柏３,"ＪＲ常磐線/柏駅 歩8分
東武野田線/柏駅 歩8分
None
","
築36年
2階建
","
											2階","1. 賃料: 3.8万円
1. 管理費: 3000円
","1. 敷金: 3.8万円
1. 礼金: 3.8万円
","1. 1K
1. 18m2
"
コーポエム,千葉県柏市あけぼの２,"ＪＲ常磐線/柏駅 歩10分
東武野田線/豊四季駅 歩48分
ＪＲ常磐線/北柏駅 歩23分
","
築35年
3階建
","
											1階","1. 賃料: 3.5万円
1. 管理費: -
2. 賃料: 3.5万円
2. 管理費: -
","1. 敷金: 3.5万円
1. 礼金: -
2. 敷金: 3.5万円
2. 礼金: -
","1. ワンルーム
1. 20.06m2
2. ワンルーム
2. 19m2
"
染谷ハイツ,千葉県柏市あけぼの４,"ＪＲ常磐線/柏駅 歩7分
ＪＲ常磐線/北柏駅 バス4分 (バス停)あけぼの町 歩5分
つくばエクスプレス/柏の葉キャンパス駅 バス22分 (バス停)柏第一小学校前 歩2分
","
築38年
2階建
","
											2階","1. 賃料: 3.5万円
1. 管理費: 3000円
2. 賃料: 3.5万円
2. 管理費: 3000円
","1. 敷金: 3.5万円
1. 礼金: -
2. 敷金: 3.5万円
2. 礼金: -
","1. 1K
1. 24m2
2. 1K
2. 24m2
"
オークリバーズマンション,千葉県柏市柏６,"ＪＲ常磐線/柏駅 歩8分
ＪＲ常磐線/北柏駅 歩21分
つくばエクスプレス/柏の葉キャンパス駅 バス20分 (バス停)柏駅西口停 歩9分
","
築36年
4階建
","
											3階","1. 賃料: 3.5万円
1. 管理費: 3000円
2. 賃料: 3.7万円
2. 管理費: 3000円
","1. 敷金: -
1. 礼金: -
2. 敷金: -
2. 礼金: -
","1. 1K
1. 27.5m2
2. 1K
2. 24.75m2
"
シェーヌ葉山,千葉県柏市柏７,"ＪＲ常磐線/柏駅 歩13分
東武野田線/柏駅 歩13分
None
","
築32年
2階建
","
											1階","1. 賃料: 4.6万円
1. 管理費: 3000円
","1. 敷金: 4.6万円
1. 礼金: -
","1. 2DK
1. 43m2
"
サンハイツあけぼの,千葉県柏市あけぼの４,"ＪＲ常磐線/柏駅 歩5分
ＪＲ常磐線/南柏駅 歩38分
つくばエクスプレス/柏の葉キャンパス駅 バス20分 (バス停)柏中学校前 歩9分
","
築40年
3階建
","
											2階","1. 賃料: 7.5万円
1. 管理費: -
","1. 敷金: 7.5万円
1. 礼金: -
","1. 2LDK
1. 46.17m2
"
ＪＲ常磐線 柏駅 3階建 築33年,千葉県柏市柏６,"ＪＲ常磐線/柏駅 歩10分
None
None
","
築33年
3階建
","
											3階","1. 賃料: 9.1万円
1. 管理費: 5000円
2. 賃料: 9.2万円
2. 管理費: 5000円
","1. 敷金: 9.1万円
1. 礼金: -
2. 敷金: 9.2万円
2. 礼金: -
","1. 3DK
1. 57.46m2
2. 3DK
2. 57.46m2
"
柏セブンコーポ,千葉県柏市柏７,"ＪＲ常磐線/柏駅 歩8分
ＪＲ常磐線/北柏駅 歩25分
ＪＲ常磐線/南柏駅 歩43分
","
築36年
2階建
","
											2階","1. 賃料: 2.7万円
1. 管理費: 5000円
2. 賃料: 2.9万円
2. 管理費: 5000円
","1. 敷金: -
1. 礼金: -
2. 敷金: -
2. 礼金: -
","1. 1K
1. 14.58m2
2. 1K
2. 14.58m2
"
ジュネパレス柏第31,千葉県柏市あけぼの２,"ＪＲ常磐線/柏駅 歩10分
東武野田線/豊四季駅 歩49分
ＪＲ常磐線/南柏駅 歩43分
","
築36年
2階建
","
											1階","1. 賃料: 3.4万円
1. 管理費: 3000円
","1. 敷金: -
1. 礼金: -
","1. 1K
1. 18.22m2
"
フローテラス柏,千葉県柏市旭町４,"ＪＲ常磐線/柏駅 歩13分
ＪＲ常磐線/南柏駅 歩26分
東武野田線/豊四季駅 歩30分
","
築33年
2階建
","
											2階","1. 賃料: 3.3万円
1. 管理費: 3000円
","1. 敷金: -
1. 礼金: -
","1. 1K
1. 19.87m2
"
メゾン柏　２号棟,千葉県柏市柏４,"ＪＲ常磐線/柏駅 歩5分
None
None
","
築38年
2階建
","
											2階","1. 賃料: 4.1万円
1. 管理費: 1000円
","1. 敷金: 4.1万円
1. 礼金: 8.2万円
","1. 1K
1. 20m2
"
ニックハイム柏,千葉県柏市柏２,"ＪＲ常磐線/柏駅 歩4分
東武野田線/柏駅 歩4分
None
","
築39年
11階建
","
											11階","1. 賃料: 13万円
1. 管理費: 7000円
","1. 敷金: 13万円
1. 礼金: 26万円
","1. 3LDK
1. 86.49m2
"
ＪＲ常磐線 柏駅 11階建 築39年,千葉県柏市柏２,"ＪＲ常磐線/柏駅 歩4分
ＪＲ常磐線/北柏駅 歩30分
ＪＲ常磐線/南柏駅 車15分(3.2km)
","
築39年
11階建
","
											11階","1. 賃料: 13万円
1. 管理費: 7000円
","1. 敷金: 13万円
1. 礼金: 26万円
","1. 3LDK
1. 86.49m2
"
フォートレス,千葉県柏市旭町４,"ＪＲ常磐線/柏駅 歩10分
東武野田線/豊四季駅 歩30分
つくばエクスプレス/流山おおたかの森駅 車9分(39.0km)
","
築35年
3階建
","
											2階","1. 賃料: 4万円
1. 管理費: 3000円
","1. 敷金: -
1. 礼金: -
","1. 1K
1. 25.21m2
"
コ－ポあけぼの,千葉県柏市あけぼの２,"ＪＲ常磐線/柏駅 歩11分
ＪＲ常磐線/北柏駅 歩19分
東武野田線/豊四季駅 歩45分
","
築35年
2階建
","
											1階","1. 賃料: 5万円
1. 管理費: 2000円
","1. 敷金: 10万円
1. 礼金: -
","1. 1DK
1. 29.16m2
"
アネシス柏I,千葉県柏市柏５,"ＪＲ常磐線/柏駅 歩7分
ＪＲ常磐線/北柏駅 歩25分
東武野田線/新柏駅 歩50分
","
築36年
2階建
","
											2階","1. 賃料: 3万円
1. 管理費: 3000円
","1. 敷金: -
1. 礼金: -
","1. 1K
1. 14.14m2
"
ＪＲ常磐線 柏駅 2階建 築36年,千葉県柏市柏５,"ＪＲ常磐線/柏駅 歩7分
ＪＲ常磐線/柏駅 歩7分
東武野田線/柏駅 歩7分
","
築36年
2階建
","
											2階","1. 賃料: 3万円
1. 管理費: 3000円
","1. 敷金: -
1. 礼金: -
","1. 1K
1. 14.14m2
"
ＡＫ-2ビル,千葉県柏市柏４,"ＪＲ常磐線/柏駅 歩5分
東武野田線/柏駅 歩5分
ＪＲ常磐線/南柏駅 歩28分
","
築36年
6階建
","
											4階","1. 賃料: 3.6万円
1. 管理費: 5000円
2. 賃料: 3.6万円
2. 管理費: 5000円
3. 賃料: 3.6万円
3. 管理費: 5000円
","1. 敷金: -
1. 礼金: -
2. 敷金: -
2. 礼金: -
3. 敷金: -
3. 礼金: -
","1. ワンルーム
1. 18.76m2
2. ワンルーム
2. 18.76m2
3. ワンルーム
3. 17.5m2
"
高橋荘,千葉県柏市柏,"ＪＲ常磐線/柏駅 歩15分
東武野田線/柏駅 歩15分
ＪＲ常磐線/北柏駅 歩15分
","
築28年
2階建
","
											1階","1. 賃料: 3.7万円
1. 管理費: 2000円
","1. 敷金: -
1. 礼金: -
","1. 1K
1. 20.97m2
"
ＪＲ常磐線 柏駅 2階建 築28年,千葉県柏市柏,"ＪＲ常磐線/柏駅 歩15分
東武野田線/柏駅 歩15分
ＪＲ常磐線/北柏駅 歩15分
","
築28年
2階建
","
											1階","1. 賃料: 3.7万円
1. 管理費: 2000円
","1. 敷金: -
1. 礼金: -
","1. 1K
1. 20.97m2
"
ネモト第三ビル,千葉県柏市旭町１,"ＪＲ常磐線/柏駅 歩3分
ＪＲ常磐線/北柏駅 歩31分
ＪＲ常磐線/南柏駅 歩32分
","
築36年
地下2地上11階建
","
											10階","1. 賃料: 9.5万円
1. 管理費: 5000円
2. 賃料: 10万円
2. 管理費: 5000円
","1. 敷金: 9.5万円
1. 礼金: 9.5万円
2. 敷金: 10万円
2. 礼金: 10万円
","1. 3DK
1. 53.35m2
2. 3DK
2. 53.35m2
"
クレセントコート柏,千葉県柏市あけぼの４,"ＪＲ常磐線/柏駅 歩9分
ＪＲ常磐線/北柏駅 バス4分 (バス停)あけぼの町 歩4分
つくばエクスプレス/柏の葉キャンパス駅 バス22分 (バス停)柏第一小学校前 歩3分
","
築32年
6階建
","
											3階","1. 賃料: 4.5万円
1. 管理費: 5000円
2. 賃料: 4.5万円
2. 管理費: 5000円
3. 賃料: 4.5万円
3. 管理費: 5000円
4. 賃料: 4.9万円
4. 管理費: 5000円
","1. 敷金: -
1. 礼金: -
2. 敷金: -
2. 礼金: -
3. 敷金: -
3. 礼金: -
4. 敷金: -
4. 礼金: -
","1. ワンルーム
1. 17.92m2
2. ワンルーム
2. 17.92m2
3. ワンルーム
3. 17.92m2
4. ワンルーム
4. 17.92m2
"
ＪＲ常磐線 柏駅 2階建 築32年,千葉県柏市旭町２,"ＪＲ常磐線/柏駅 歩8分
東武野田線/柏駅 歩8分
ＪＲ常磐線/南柏駅 歩28分
","
築32年
2階建
","
											1-2階","1. 賃料: 6.8万円
1. 管理費: 3000円
","1. 敷金: 6.8万円
1. 礼金: -
","1. 2DK
1. 57m2
"
コーポサカイ,千葉県柏市あけぼの４,"ＪＲ常磐線/柏駅 歩5分
東武野田線/柏駅 歩5分
ＪＲ常磐線/北柏駅 歩29分
","
築38年
2階建
","
											1階","1. 賃料: 3.2万円
1. 管理費: 2000円
","1. 敷金: -
1. 礼金: -
","1. 1K
1. 20.29m2
"
ＪＲ常磐線 柏駅 2階建 築35年,千葉県柏市旭町４,"ＪＲ常磐線/柏駅 歩7分
ＪＲ常磐線/柏駅 歩7分
東武野田線/柏駅 歩7分
","
築35年
2階建
","
											2階","1. 賃料: 3.2万円
1. 管理費: 2500円
2. 賃料: 3.3万円
2. 管理費: 2500円
3. 賃料: 3.4万円
3. 管理費: 2500円
","1. 敷金: -
1. 礼金: -
2. 敷金: -
2. 礼金: -
3. 敷金: -
3. 礼金: -
","1. 1K
1. 15.69m2
2. 1K
2. 14.34m2
3. 1K
3. 15.39m2
"
レオパレス柏第２１,千葉県柏市旭町４,"ＪＲ常磐線/柏駅 歩7分
ＪＲ常磐線/南柏駅 歩25分
つくばエクスプレス/流山おおたかの森駅 車15分(4.4km)
","
築35年
2階建
","
											2階","1. 賃料: 3.2万円
1. 管理費: 2500円
2. 賃料: 3.2万円
2. 管理費: 2500円
3. 賃料: 3.3万円
3. 管理費: 2500円
4. 賃料: 3.4万円
4. 管理費: 2500円
","1. 敷金: -
1. 礼金: -
2. 敷金: -
2. 礼金: -
3. 敷金: -
3. 礼金: -
4. 敷金: -
4. 礼金: -
","1. 1K
1. 15.69m2
2. 1K
2. 15.69m2
3. 1K
3. 14.34m2
4. 1K
4. 15.39m2
"
ケントハウス,千葉県柏市あけぼの１,"ＪＲ常磐線/柏駅 歩5分
東武野田線/柏駅 歩5分
つくばエクスプレス/柏の葉キャンパス駅 バス20分 (バス停)柏駅西口 歩5分
","
築32年
2階建
","
											1階","1. 賃料: 4万円
1. 管理費: -
2. 賃料: 4.1万円
2. 管理費: -
3. 賃料: 4万円
3. 管理費: 2000円
4. 賃料: 4.3万円
4. 管理費: -
","1. 敷金: -
1. 礼金: -
2. 敷金: 4.1万円
2. 礼金: -
3. 敷金: -
3. 礼金: -
4. 敷金: 4.3万円
4. 礼金: -
","1. 1K
1. 15m2
2. 1K
2. 15m2
3. 1K
3. 15.5m2
4. 1K
4. 15m2
"
ＪＲ常磐線 柏駅 6階建 築36年,千葉県柏市柏４,"ＪＲ常磐線/柏駅 歩5分
ＪＲ常磐線/北柏駅 歩26分
ＪＲ常磐線/南柏駅 歩35分
","
築36年
6階建
","
											3階","1. 賃料: 3.6万円
1. 管理費: 5000円
","1. 敷金: -
1. 礼金: -
","1. ワンルーム
1. 18.76m2
"
メゾン柏１号棟,千葉県柏市柏４,"ＪＲ常磐線/柏駅 歩5分
None
None
","
築39年
2階建
","
											2階","1. 賃料: 3.7万円
1. 管理費: 2000円
2. 賃料: 3.8万円
2. 管理費: 2000円
","1. 敷金: 3.7万円
1. 礼金: -
2. 敷金: 3.8万円
2. 礼金: -
","1. 1K
1. 20m2
2. 1K
2. 20m2
"
サンコ－ポマスダ,千葉県柏市柏３,"ＪＲ常磐線/柏駅 歩6分
ＪＲ常磐線/北柏駅 歩28分
ＪＲ常磐線/南柏駅 歩35分
","
築37年
4階建
","
											4階","1. 賃料: 3.7万円
1. 管理費: 3000円
","1. 敷金: -
1. 礼金: -
","1. 1K
1. 23.1m2
"
コーポ・ドリーム,千葉県柏市あけぼの４,"ＪＲ常磐線/柏駅 歩6分
ＪＲ常磐線/北柏駅 歩28分
ＪＲ常磐線/南柏駅 歩39分
","
築36年
2階建
","
											1階","1. 賃料: 3.8万円
1. 管理費: 2000円
2. 賃料: 4.2万円
2. 管理費: 2000円
","1. 敷金: -
1. 礼金: -
2. 敷金: -
2. 礼金: -
","1. 1K
1. 22.31m2
2. 1K
2. 22.31m2
"
サニーハイツ,千葉県柏市旭町４,"ＪＲ常磐線/柏駅 歩10分
ＪＲ常磐線/南柏駅 歩26分
東武野田線/豊四季駅 歩30分
","
築29年
2階建
","
											1階","1. 賃料: 4.3万円
1. 管理費: 3000円
2. 賃料: 4.4万円
2. 管理費: 3000円
","1. 敷金: -
1. 礼金: -
2. 敷金: -
2. 礼金: -
","1. 1K
1. 24.58m2
2. 1K
2. 24.58m2
"
ＪＲ常磐線 柏駅 地下1地上10階建 築35年,千葉県柏市旭町１,"ＪＲ常磐線/柏駅 歩3分
ＪＲ常磐線/柏駅 歩3分
東武野田線/柏駅 歩3分
","
築35年
地下1地上10階建
","
											9階","1. 賃料: 5.1万円
1. 管理費: 4000円
2. 賃料: 5.3万円
2. 管理費: 4000円
3. 賃料: 5.5万円
3. 管理費: 4000円
","1. 敷金: -
1. 礼金: -
2. 敷金: -
2. 礼金: -
3. 敷金: -
3. 礼金: -
","1. ワンルーム
1. 22.68m2
2. ワンルーム
2. 22.68m2
3. ワンルーム
3. 22.68m2
"
エリートイン柏,千葉県柏市旭町１,"ＪＲ常磐線/柏駅 歩3分
ＪＲ常磐線/柏駅 歩3分
東武野田線/柏駅 歩3分
","
築35年
地下1地上10階建
","
											9階","1. 賃料: 5.1万円
1. 管理費: 4000円
2. 賃料: 5.3万円
2. 管理費: 4000円
3. 賃料: 5.5万円
3. 管理費: 4000円
","1. 敷金: -
1. 礼金: -
2. 敷金: -
2. 礼金: -
3. 敷金: -
3. 礼金: -
","1. ワンルーム
1. 22.68m2
2. ワンルーム
2. 22.68m2
3. ワンルーム
3. 22.68m2
"
ハイツドルチェ,千葉県柏市あけぼの１,"ＪＲ常磐線/柏駅 歩5分
つくばエクスプレス/柏の葉キャンパス駅 バス28分 (バス停)あけぼの町 歩6分
None
","
築36年
2階建
","
											2階","1. 賃料: 3.3万円
1. 管理費: 2000円
2. 賃料: 3.4万円
2. 管理費: 2000円
","1. 敷金: -
1. 礼金: -
2. 敷金: -
2. 礼金: -
","1. 1K
1. 20.12m2
2. 1K
2. 20.1m2
"
高野山第一ビル,千葉県柏市柏４,"ＪＲ常磐線/柏駅 歩10分
ＪＲ常磐線/北柏駅 歩27分
ＪＲ常磐線/南柏駅 歩39分
","
築34年
10階建
","
											5階","1. 賃料: 5.5万円
1. 管理費: 5000円
","1. 敷金: 5.5万円
1. 礼金: -
","1. ワンルーム
1. 26.97m2
"
リッツ,千葉県柏市旭町６,"ＪＲ常磐線/柏駅 歩13分
ＪＲ常磐線/南柏駅 歩28分
東武野田線/豊四季駅 歩30分
","
築29年
2階建
","
											2階","1. 賃料: 5.8万円
1. 管理費: 3000円
","1. 敷金: 5.8万円
1. 礼金: -
","1. 2DK
1. 40m2
"
ノヴェルズ95,千葉県柏市あけぼの３,"ＪＲ常磐線/柏駅 歩10分
ＪＲ常磐線/北柏駅 歩25分
東武野田線/豊四季駅 歩45分
","
築33年
2階建
","
											2階","1. 賃料: 3万円
1. 管理費: 2000円
","1. 敷金: -
1. 礼金: -
","1. 1K
1. 16.04m2
"
ジュネパレス柏第３０,千葉県柏市旭町２,"ＪＲ常磐線/柏駅 歩6分
ＪＲ常磐線/南柏駅 歩29分
None
","
築35年
2階建
","
											1階","1. 賃料: 3.2万円
1. 管理費: 3500円
2. 賃料: 3.3万円
2. 管理費: 3500円
","1. 敷金: -
1. 礼金: -
2. 敷金: -
2. 礼金: -
","1. 1K
1. 16.2m2
2. 1K
2. 14.26m2
"
ＪＲ常磐線 柏駅 6階建 築32年,千葉県柏市あけぼの４,"ＪＲ常磐線/柏駅 歩9分
ＪＲ常磐線/北柏駅 車5分(2.1km)
つくばエクスプレス/柏の葉キャンパス駅 車12分(4.0km)
","
築32年
6階建
","
											3階","1. 賃料: 4.5万円
1. 管理費: 5000円
2. 賃料: 4.5万円
2. 管理費: 5000円
3. 賃料: 4.9万円
3. 管理費: 5000円
","1. 敷金: -
1. 礼金: -
2. 敷金: -
2. 礼金: -
3. 敷金: -
3. 礼金: -
","1. ワンルーム
1. 17.92m2
2. ワンルーム
2. 17.92m2
3. ワンルーム
3. 17.92m2
"
ＪＲ常磐線 柏駅 3階建 築33年,千葉県柏市柏６,"ＪＲ常磐線/柏駅 歩5分
東武野田線/柏駅 歩5分
ＪＲ常磐線/北柏駅 歩25分
","
築33年
3階建
","
											3階","1. 賃料: 6.9万円
1. 管理費: 3000円
","1. 敷金: -
1. 礼金: -
","1. 2DK
1. 48.6m2
"
ＪＲ常磐線 柏駅 6階建 築32年,千葉県柏市あけぼの４,"ＪＲ常磐線/柏駅 歩9分
ＪＲ常磐線/北柏駅 車5分(2.1km)
つくばエクスプレス/柏の葉キャンパス駅 車12分(4.0km)
","
築32年
6階建
","
											6階","1. 賃料: 4.5万円
1. 管理費: 5000円
2. 賃料: 4.9万円
2. 管理費: 5000円
3. 賃料: 5.1万円
3. 管理費: 5000円
","1. 敷金: -
1. 礼金: -
2. 敷金: -
2. 礼金: -
3. 敷金: -
3. 礼金: -
","1. ワンルーム
1. 17.92m2
2. ワンルーム
2. 17.92m2
3. ワンルーム
3. 18m2
"
コーポ天津,千葉県柏市柏３,"ＪＲ常磐線/柏駅 歩5分
つくばエクスプレス/柏の葉キャンパス駅 車11分(5.2km)
ＪＲ武蔵野線/新松戸駅 車17分(7.8km)
","
築35年
5階建
","
											4階","1. 賃料: 4.8万円
1. 管理費: 2000円
2. 賃料: 4.8万円
2. 管理費: 2000円
","1. 敷金: 4.8万円
1. 礼金: -
2. 敷金: 4.8万円
2. 礼金: -
","1. 1K
1. 24.78m2
2. 1K
2. 24.79m2
"
ＪＲ常磐線 柏駅 5階建 築36年,千葉県柏市柏３,"ＪＲ常磐線/柏駅 歩7分
None
None
","
築36年
5階建
","
											4階","1. 賃料: 4.8万円
1. 管理費: 2000円
","1. 敷金: 4.8万円
1. 礼金: -
","1. 1K
1. 24.79m2
"
パシフィークII,千葉県柏市あけぼの４,"ＪＲ常磐線/柏駅 歩12分
ＪＲ常磐線/北柏駅 歩28分
つくばエクスプレス/柏の葉キャンパス駅 車10分(4.9km)
","
築27年
4階建
","
											1階","1. 賃料: 2.9万円
1. 管理費: 4000円
2. 賃料: 5万円
2. 管理費: 4000円
","1. 敷金: -
1. 礼金: -
2. 敷金: -
2. 礼金: -
","1. 1K
1. 16.8m2
2. 1LDK
2. 41.25m2
"
キャロット柏,千葉県柏市柏４,"ＪＲ常磐線/柏駅 歩5分
None
None
","
築34年
6階建
","
											6階","1. 賃料: 4.5万円
1. 管理費: 5000円
2. 賃料: 20万円
2. 管理費: 10000円
","1. 敷金: 4.5万円
1. 礼金: -
2. 敷金: 40万円
2. 礼金: 20万円
","1. ワンルーム
1. 17.43m2
2. 5LDK
2. 118.36m2
"
ＪＲ常磐線 柏駅 6階建 築34年,千葉県柏市柏４,"ＪＲ常磐線/柏駅 歩3分
東武野田線/柏駅 歩3分
ＪＲ常磐線/北柏駅 歩27分
","
築34年
6階建
","
											6階","1. 賃料: 20万円
1. 管理費: 10000円
","1. 敷金: 40万円
1. 礼金: 20万円
","1. 5LDK
1. 118.39m2
"
山口ビル,千葉県柏市柏３,"ＪＲ常磐線/柏駅 歩6分
ＪＲ常磐線/南柏駅 歩35分
東武野田線/新柏駅 歩39分
","
築34年
8階建
","
											6階","1. 賃料: 8.1万円
1. 管理費: 6000円
","1. 敷金: 8.1万円
1. 礼金: -
","1. 3DK
1. 60.24m2
"
テラス旭,千葉県柏市旭町２,"ＪＲ常磐線/柏駅 歩8分
ＪＲ常磐線/南柏駅 歩27分
東武野田線/新柏駅 車13分(3.6km)
","
築32年
2階建
","
											1-2階","1. 賃料: 6.8万円
1. 管理費: 3000円
2. 賃料: 6.8万円
2. 管理費: 3000円
","1. 敷金: 6.8万円
1. 礼金: -
2. 敷金: 6.8万円
2. 礼金: -
","1. 2DK
1. 57m2
2. 2DK
2. 57m2
"
KSマンション,千葉県柏市柏５,"ＪＲ常磐線/柏駅 歩5分
ＪＲ常磐線/北柏駅 歩28分
ＪＲ常磐線/南柏駅 歩40分
","
築35年
3階建
","
											3階","1. 賃料: 4.2万円
1. 管理費: -
2. 賃料: 4.3万円
2. 管理費: -
","1. 敷金: 4.2万円
1. 礼金: -
2. 敷金: 4.3万円
2. 礼金: -
","1. ワンルーム
1. 16m2
2. ワンルーム
2. 16m2
"
メゾン柏陽,千葉県柏市柏６,"ＪＲ常磐線/柏駅 歩5分
ＪＲ常磐線/北柏駅 歩23分
ＪＲ常磐線/南柏駅 歩40分
","
築36年
2階建
","
											2階","1. 賃料: 4.3万円
1. 管理費: 2000円
","1. 敷金: 4.3万円
1. 礼金: -
","1. 2K
1. 29.3m2
"
ＪＲ常磐線 柏駅 10階建 築34年,千葉県柏市柏２,"ＪＲ常磐線/柏駅 歩4分
ＪＲ常磐線/南柏駅 車12分(2.9km)
つくばエクスプレス/柏の葉キャンパス駅 車21分(5.4km)
","
築34年
10階建
","
											9階","1. 賃料: 7.8万円
1. 管理費: 7000円
2. 賃料: 8万円
2. 管理費: 7000円
","1. 敷金: 15.6万円
1. 礼金: 7.8万円
2. 敷金: 16万円
2. 礼金: 8万円
","1. 2DK
1. 51m2
2. 2DK
2. 51m2
"
ＪＲ常磐線 柏駅 2階建 築33年,千葉県柏市旭町４,"ＪＲ常磐線/柏駅 歩9分
ＪＲ常磐線/南柏駅 歩28分
None
","
築33年
2階建
","
											2階","1. 賃料: 4.5万円
1. 管理費: 4500円
","1. 敷金: -
1. 礼金: -
","1. 1DK
1. 25.53m2
"
第１１ユーカリハイツ,千葉県柏市柏６,"ＪＲ常磐線/柏駅 歩5分
つくばエクスプレス/柏の葉キャンパス駅 バス20分 (バス停)柏駅西口 歩6分
ＪＲ常磐線/北柏駅 歩25分
","
築36年
3階建
","
											3階","1. 賃料: 6.9万円
1. 管理費: 3000円
","1. 敷金: -
1. 礼金: -
","1. 2DK
1. 39.1m2
"
ＪＲ常磐線 柏駅 9階建 築34年,千葉県柏市柏４,"ＪＲ常磐線/柏駅 歩7分
東武野田線/柏駅 歩7分
ＪＲ常磐線/北柏駅 歩25分
","
築34年
9階建
","
											3階","1. 賃料: 7万円
1. 管理費: 5000円
","1. 敷金: 7万円
1. 礼金: -
","1. ワンルーム
1. 33m2
"
ブラウンハイム柏,千葉県柏市柏３,"ＪＲ常磐線/柏駅 歩7分
None
None
","
築34年
4階建
","
											2階","1. 賃料: 6万円
1. 管理費: 3000円
","1. 敷金: 12万円
1. 礼金: -
","1. 2K
1. 37.69m2
"
ＹＲレジデンス,千葉県柏市柏,"ＪＲ常磐線/柏駅 歩7分
ＪＲ常磐線/北柏駅 歩27分
ＪＲ常磐線/南柏駅 歩38分
","
築27年
7階建
","
											4階","1. 賃料: 6.3万円
1. 管理費: 6000円
","1. 敷金: -
1. 礼金: 6.3万円
","1. 1DK
1. 30.75m2
"
ＪＲ常磐線 柏駅 8階建 築34年,千葉県柏市柏３,"ＪＲ常磐線/柏駅 歩6分
ＪＲ常磐線/北柏駅 歩29分
None
","
築34年
8階建
","
											6階","1. 賃料: 8.1万円
1. 管理費: 6000円
","1. 敷金: 8.1万円
1. 礼金: -
","1. 3DK
1. 60.24m2
"
トーカン柏キャステール,千葉県柏市柏３,"ＪＲ常磐線/柏駅 歩7分
ＪＲ常磐線/北柏駅 歩30分
ＪＲ常磐線/南柏駅 歩36分
","
築35年
9階建
","
											9階","1. 賃料: 12万円
1. 管理費: -
","1. 敷金: 12万円
1. 礼金: -
","1. 1LDK
1. 61.95m2
"
マスターズ,千葉県柏市あけぼの１,"ＪＲ常磐線/柏駅 歩5分
東武野田線/柏駅 歩5分
ＪＲ常磐線/北柏駅 歩23分
","
築32年
2階建
","
											2階","1. 賃料: 4万円
1. 管理費: -
","1. 敷金: 4万円
1. 礼金: -
","1. 1K
1. 15.01m2
"
ＪＲ常磐線 柏駅 2階建 築35年,千葉県柏市旭町２,"ＪＲ常磐線/柏駅 歩6分
ＪＲ常磐線/南柏駅 歩29分
東武野田線/新柏駅 歩43分
","
築35年
2階建
","
											2階","1. 賃料: 3.2万円
1. 管理費: 3500円
","1. 敷金: -
1. 礼金: -
","1. 1K
1. 13.72m2
"
スカイハイツ,千葉県柏市あけぼの５,"ＪＲ常磐線/柏駅 歩12分
ＪＲ常磐線/北柏駅 歩28分
東武野田線/豊四季駅 歩39分
","
築29年
2階建
","
											2階","1. 賃料: 3.4万円
1. 管理費: 2000円
2. 賃料: 3.4万円
2. 管理費: 2000円
3. 賃料: 4万円
3. 管理費: -
4. 賃料: 4万円
4. 管理費: 2000円
","1. 敷金: -
1. 礼金: -
2. 敷金: -
2. 礼金: -
3. 敷金: -
3. 礼金: -
4. 敷金: -
4. 礼金: -
","1. ワンルーム
1. 18.17m2
2. ワンルーム
2. 17.35m2
3. ワンルーム
3. 17.35m2
4. ワンルーム
4. 17.35m2
"
ＪＲ常磐線 柏駅 3階建 築30年,千葉県柏市旭町４,"ＪＲ常磐線/柏駅 歩10分
東武野田線/柏駅 歩10分
ＪＲ常磐線/南柏駅 歩30分
","
築30年
3階建
","
											2階","1. 賃料: 4万円
1. 管理費: 3000円
","1. 敷金: -
1. 礼金: -
","1. 1K
1. 25.21m2
"
ジョイフル柏,千葉県柏市あけぼの５,"ＪＲ常磐線/柏駅 歩10分
東武野田線/豊四季駅 歩40分
つくばエクスプレス/柏の葉キャンパス駅 歩47分
","
築29年
5階建
","
											2階","1. 賃料: 3.7万円
1. 管理費: 4000円
","1. 敷金: -
1. 礼金: -
","1. 1K
1. 16.5m2
"
染谷エステートビル,千葉県柏市柏２,"ＪＲ常磐線/柏駅 歩4分
東武野田線/柏駅 歩4分
None
","
築34年
10階建
","
											9階","1. 賃料: 7.8万円
1. 管理費: 7000円
2. 賃料: 8万円
2. 管理費: 7000円
","1. 敷金: 15.6万円
1. 礼金: 7.8万円
2. 敷金: 16万円
2. 礼金: 8万円
","1. 2DK
1. 51m2
2. 2DK
2. 51m2
"
かざりやビル,千葉県柏市柏３,"ＪＲ常磐線/柏駅 歩5分
ＪＲ常磐線/北柏駅 歩34分
ＪＲ常磐線/南柏駅 歩35分
","
築35年
5階建
","
											3階","1. 賃料: 5.3万円
1. 管理費: 2000円
","1. 敷金: 5.3万円
1. 礼金: 5.3万円
","1. 2K
1. 31.28m2
"
グルーラ柏,千葉県柏市旭町２,"ＪＲ常磐線/柏駅 歩7分
ＪＲ常磐線/南柏駅 歩29分
東武野田線/新柏駅 歩42分
","
築34年
2階建
","
											2階","1. 賃料: 4.4万円
1. 管理費: 2000円
","1. 敷金: -
1. 礼金: -
","1. 1DK
1. 24.96m2
"
クレセントコート柏Ａ,千葉県柏市あけぼの４,"ＪＲ常磐線/柏駅 歩9分
ＪＲ常磐線/北柏駅 歩27分
ＪＲ常磐線/南柏駅 歩40分
","
築32年
6階建
","
											6階","1. 賃料: 4.5万円
1. 管理費: 5000円
2. 賃料: 4.5万円
2. 管理費: 5000円
3. 賃料: 5.1万円
3. 管理費: 5000円
","1. 敷金: -
1. 礼金: -
2. 敷金: -
2. 礼金: -
3. 敷金: -
3. 礼金: -
","1. ワンルーム
1. 17.92m2
2. ワンルーム
2. 17.92m2
3. ワンルーム
3. 18m2
"
ホワイトパレスコミゾ,千葉県柏市柏４,"ＪＲ常磐線/柏駅 歩7分
None
None
","
築34年
9階建
","
											3階","1. 賃料: 7万円
1. 管理費: 5000円
","1. 敷金: 7万円
1. 礼金: -
","1. ワンルーム
1. 33m2
"
サンパレス柏,千葉県柏市旭町１,"ＪＲ常磐線/柏駅 歩3分
ＪＲ常磐線/北柏駅 バス6分 (バス停)柏駅西口 歩6分
東武野田線/新柏駅 車10分(4.0km)
","
築35年
3階建
","
											2階","1. 賃料: 4.5万円
1. 管理費: 2500円
2. 賃料: 4.5万円
2. 管理費: 2500円
","1. 敷金: 4.5万円
1. 礼金: -
2. 敷金: 4.5万円
2. 礼金: -
","1. 1K
1. 24.7m2
2. 1K
2. 24.7m2
"
コ－マス柏,千葉県柏市柏３,"ＪＲ常磐線/柏駅 歩7分
ＪＲ常磐線/北柏駅 歩29分
ＪＲ常磐線/南柏駅 歩35分
","
築34年
5階建
","
											1階","1. 賃料: 6.8万円
1. 管理費: -
","1. 敷金: 6.8万円
1. 礼金: -
","1. 1DK
1. 31.2m2
"
ハーベスト,千葉県柏市旭町３,"ＪＲ常磐線/柏駅 歩6分
ＪＲ常磐線/南柏駅 歩32分
ＪＲ常磐線/北柏駅 歩36分
","
築32年
2階建
","
											2階","1. 賃料: 3.2万円
1. 管理費: 1000円
2. 賃料: 3.3万円
2. 管理費: 1000円
3. 賃料: 3.4万円
3. 管理費: 1000円
","1. 敷金: -
1. 礼金: -
2. 敷金: -
2. 礼金: -
3. 敷金: -
3. 礼金: -
","1. ワンルーム
1. 15.06m2
2. ワンルーム
2. 14m2
3. ワンルーム
3. 16m2
"
武藤眼科ビル,千葉県柏市柏２,"ＪＲ常磐線/柏駅 歩5分
東武野田線/柏駅 歩6分
ＪＲ常磐線/北柏駅 歩29分
","
築34年
7階建
","
											2階","1. 賃料: 5.3万円
1. 管理費: 5000円
","1. 敷金: 5.3万円
1. 礼金: -
","1. 1K
1. 25.2m2
"
ＪＲ常磐線 柏駅 13階建 築31年,千葉県柏市柏２,"ＪＲ常磐線/柏駅 歩4分
東武野田線/柏駅 歩4分
ＪＲ常磐線/柏駅 歩4分
","
築31年
13階建
","
											13階","1. 賃料: 3.6万円
1. 管理費: 8000円
2. 賃料: 3.6万円
2. 管理費: 8000円
3. 賃料: 3.6万円
3. 管理費: 8000円
4. 賃料: 3.6万円
4. 管理費: 8000円
5. 賃料: 3.6万円
5. 管理費: 8000円
6. 賃料: 3.7万円
6. 管理費: 8000円
7. 賃料: 3.7万円
7. 管理費: 8000円
8. 賃料: 3.7万円
8. 管理費: 8000円
9. 賃料: 3.7万円
9. 管理費: 8000円
10. 賃料: 3.7万円
10. 管理費: 8000円
11. 賃料: 3.7万円
11. 管理費: 8000円
12. 賃料: 3.7万円
12. 管理費: 8000円
13. 賃料: 3.7万円
13. 管理費: 8000円
14. 賃料: 3.7万円
14. 管理費: 8000円
15. 賃料: 3.8万円
15. 管理費: 8000円
16. 賃料: 3.8万円
16. 管理費: 8000円
17. 賃料: 3.8万円
17. 管理費: 8000円
18. 賃料: 3.8万円
18. 管理費: 8000円
19. 賃料: 3.8万円
19. 管理費: 8000円
20. 賃料: 3.9万円
20. 管理費: 8000円
21. 賃料: 3.9万円
21. 管理費: 8000円
22. 賃料: 3.9万円
22. 管理費: 8000円
23. 賃料: 3.9万円
23. 管理費: 8000円
24. 賃料: 3.9万円
24. 管理費: 8000円
25. 賃料: 3.9万円
25. 管理費: 8000円
26. 賃料: 3.9万円
26. 管理費: 8000円
27. 賃料: 3.9万円
27. 管理費: 8000円
28. 賃料: 3.9万円
28. 管理費: 8000円
29. 賃料: 3.9万円
29. 管理費: 8000円
30. 賃料: 3.9万円
30. 管理費: 8000円
31. 賃料: 3.9万円
31. 管理費: 8000円
32. 賃料: 3.9万円
32. 管理費: 8000円
33. 賃料: 3.9万円
33. 管理費: 8000円
34. 賃料: 4万円
34. 管理費: 8000円
35. 賃料: 4万円
35. 管理費: 8000円
36. 賃料: 4万円
36. 管理費: 8000円
37. 賃料: 4万円
37. 管理費: 8000円
38. 賃料: 4万円
38. 管理費: 8000円
39. 賃料: 4万円
39. 管理費: 8000円
40. 賃料: 4万円
40. 管理費: 8000円
41. 賃料: 4万円
41. 管理費: 8000円
42. 賃料: 4万円
42. 管理費: 8000円
43. 賃料: 4万円
43. 管理費: 8000円
44. 賃料: 4万円
44. 管理費: 8000円
45. 賃料: 4万円
45. 管理費: 8000円
46. 賃料: 4万円
46. 管理費: 8000円
47. 賃料: 4万円
47. 管理費: 8000円
48. 賃料: 4万円
48. 管理費: 8000円
49. 賃料: 4万円
49. 管理費: 8000円
50. 賃料: 4万円
50. 管理費: 8000円
51. 賃料: 4万円
51. 管理費: 8000円
52. 賃料: 4万円
52. 管理費: 8000円
53. 賃料: 4万円
53. 管理費: 8000円
54. 賃料: 4万円
54. 管理費: 8000円
55. 賃料: 4万円
55. 管理費: 8000円
56. 賃料: 4万円
56. 管理費: 8000円
57. 賃料: 4万円
57. 管理費: 8000円
58. 賃料: 4万円
58. 管理費: 8000円
59. 賃料: 4万円
59. 管理費: 8000円
60. 賃料: 4万円
60. 管理費: 8000円
61. 賃料: 4万円
61. 管理費: 8000円
62. 賃料: 4万円
62. 管理費: 8000円
63. 賃料: 4万円
63. 管理費: 8000円
64. 賃料: 4万円
64. 管理費: 8000円
65. 賃料: 4万円
65. 管理費: 8000円
66. 賃料: 4万円
66. 管理費: 8000円
67. 賃料: 4万円
67. 管理費: 8000円
68. 賃料: 4万円
68. 管理費: 8000円
69. 賃料: 4.1万円
69. 管理費: 8000円
70. 賃料: 4.1万円
70. 管理費: 8000円
71. 賃料: 4.1万円
71. 管理費: 8000円
72. 賃料: 4.1万円
72. 管理費: 8000円
73. 賃料: 4.1万円
73. 管理費: 8000円
74. 賃料: 4.1万円
74. 管理費: 8000円
","1. 敷金: 5万円
1. 礼金: 3.6万円
2. 敷金: 5万円
2. 礼金: 3.6万円
3. 敷金: 5万円
3. 礼金: 3.6万円
4. 敷金: 5万円
4. 礼金: 3.6万円
5. 敷金: 5万円
5. 礼金: 3.6万円
6. 敷金: 5万円
6. 礼金: 3.7万円
7. 敷金: 5万円
7. 礼金: 3.7万円
8. 敷金: 5万円
8. 礼金: 3.7万円
9. 敷金: 5万円
9. 礼金: 3.7万円
10. 敷金: 5万円
10. 礼金: 3.7万円
11. 敷金: 5万円
11. 礼金: 3.7万円
12. 敷金: 5万円
12. 礼金: 3.7万円
13. 敷金: 5万円
13. 礼金: 3.7万円
14. 敷金: 5万円
14. 礼金: 3.7万円
15. 敷金: 5万円
15. 礼金: 3.8万円
16. 敷金: 5万円
16. 礼金: 3.8万円
17. 敷金: 5万円
17. 礼金: 3.8万円
18. 敷金: 5万円
18. 礼金: 3.8万円
19. 敷金: 5万円
19. 礼金: 3.8万円
20. 敷金: 5万円
20. 礼金: 3.9万円
21. 敷金: 5万円
21. 礼金: 3.9万円
22. 敷金: 5万円
22. 礼金: 3.9万円
23. 敷金: 5万円
23. 礼金: 3.9万円
24. 敷金: 5万円
24. 礼金: 3.9万円
25. 敷金: 5万円
25. 礼金: 3.9万円
26. 敷金: 5万円
26. 礼金: 3.9万円
27. 敷金: 5万円
27. 礼金: 3.9万円
28. 敷金: 5万円
28. 礼金: 3.9万円
29. 敷金: 5万円
29. 礼金: 3.9万円
30. 敷金: 5万円
30. 礼金: 3.9万円
31. 敷金: 5万円
31. 礼金: 3.9万円
32. 敷金: 5万円
32. 礼金: 3.9万円
33. 敷金: 5万円
33. 礼金: 3.9万円
34. 敷金: 5万円
34. 礼金: 4万円
35. 敷金: 5万円
35. 礼金: 4万円
36. 敷金: 5万円
36. 礼金: 4万円
37. 敷金: 5万円
37. 礼金: 4万円
38. 敷金: 5万円
38. 礼金: 4万円
39. 敷金: 5万円
39. 礼金: 4万円
40. 敷金: 5万円
40. 礼金: 4万円
41. 敷金: 5万円
41. 礼金: 4万円
42. 敷金: 5万円
42. 礼金: 4万円
43. 敷金: 5万円
43. 礼金: 4万円
44. 敷金: 5万円
44. 礼金: 4万円
45. 敷金: 5万円
45. 礼金: 4万円
46. 敷金: 5万円
46. 礼金: 4万円
47. 敷金: 5万円
47. 礼金: 4万円
48. 敷金: 5万円
48. 礼金: 4万円
49. 敷金: 5万円
49. 礼金: 4万円
50. 敷金: 5万円
50. 礼金: 4万円
51. 敷金: 5万円
51. 礼金: 4万円
52. 敷金: 5万円
52. 礼金: 4万円
53. 敷金: 5万円
53. 礼金: 4万円
54. 敷金: 5万円
54. 礼金: 4万円
55. 敷金: 5万円
55. 礼金: 4万円
56. 敷金: 5万円
56. 礼金: 4万円
57. 敷金: 5万円
57. 礼金: 4万円
58. 敷金: 5万円
58. 礼金: 4万円
59. 敷金: 5万円
59. 礼金: 4万円
60. 敷金: 5万円
60. 礼金: 4万円
61. 敷金: 5万円
61. 礼金: 4万円
62. 敷金: 5万円
62. 礼金: 4万円
63. 敷金: 5万円
63. 礼金: 4万円
64. 敷金: 5万円
64. 礼金: 4万円
65. 敷金: 5万円
65. 礼金: 4万円
66. 敷金: 5万円
66. 礼金: 4万円
67. 敷金: 5万円
67. 礼金: 4万円
68. 敷金: 5万円
68. 礼金: 4万円
69. 敷金: 5万円
69. 礼金: 4.1万円
70. 敷金: 5万円
70. 礼金: 4.1万円
71. 敷金: 5万円
71. 礼金: 4.1万円
72. 敷金: 5万円
72. 礼金: 4.1万円
73. 敷金: 5万円
73. 礼金: 4.1万円
74. 敷金: 5万円
74. 礼金: 4.1万円
","1. ワンルーム
1. 18m2
2. ワンルーム
2. 18m2
3. ワンルーム
3. 18m2
4. ワンルーム
4. 18m2
5. ワンルーム
5. 18m2
6. ワンルーム
6. 18m2
7. ワンルーム
7. 18m2
8. ワンルーム
8. 18m2
9. ワンルーム
9. 18m2
10. ワンルーム
10. 18m2
11. ワンルーム
11. 18m2
12. ワンルーム
12. 18m2
13. ワンルーム
13. 18m2
14. ワンルーム
14. 18m2
15. ワンルーム
15. 18m2
16. ワンルーム
16. 18m2
17. ワンルーム
17. 18m2
18. ワンルーム
18. 18m2
19. ワンルーム
19. 18m2
20. ワンルーム
20. 18m2
21. ワンルーム
21. 18m2
22. ワンルーム
22. 18m2
23. ワンルーム
23. 18m2
24. ワンルーム
24. 18m2
25. ワンルーム
25. 18m2
26. ワンルーム
26. 18m2
27. ワンルーム
27. 18m2
28. ワンルーム
28. 18m2
29. ワンルーム
29. 18m2
30. ワンルーム
30. 18m2
31. ワンルーム
31. 18m2
32. ワンルーム
32. 18m2
33. ワンルーム
33. 18m2
34. ワンルーム
34. 18m2
35. ワンルーム
35. 18m2
36. ワンルーム
36. 18m2
37. ワンルーム
37. 18m2
38. ワンルーム
38. 18m2
39. ワンルーム
39. 18m2
40. ワンルーム
40. 18m2
41. ワンルーム
41. 18m2
42. ワンルーム
42. 18m2
43. ワンルーム
43. 18m2
44. ワンルーム
44. 18m2
45. ワンルーム
45. 18m2
46. ワンルーム
46. 18m2
47. ワンルーム
47. 18m2
48. ワンルーム
48. 18m2
49. ワンルーム
49. 18m2
50. ワンルーム
50. 18m2
51. ワンルーム
51. 18m2
52. ワンルーム
52. 18m2
53. ワンルーム
53. 18m2
54. ワンルーム
54. 18m2
55. ワンルーム
55. 18m2
56. ワンルーム
56. 18m2
57. ワンルーム
57. 18m2
58. ワンルーム
58. 18m2
59. ワンルーム
59. 18m2
60. ワンルーム
60. 18m2
61. ワンルーム
61. 18m2
62. ワンルーム
62. 18m2
63. ワンルーム
63. 18m2
64. ワンルーム
64. 18m2
65. ワンルーム
65. 18m2
66. ワンルーム
66. 18m2
67. ワンルーム
67. 18m2
68. ワンルーム
68. 18m2
69. ワンルーム
69. 18m2
70. ワンルーム
70. 18m2
71. ワンルーム
71. 18m2
72. ワンルーム
72. 18m2
73. ワンルーム
73. 18m2
74. ワンルーム
74. 18m2
"
Ｒｅｇａｌｏ　Ｋａｓｈｉｗａ,千葉県柏市旭町１,"ＪＲ常磐線/柏駅 歩2分
ＪＲ常磐線/南柏駅 歩32分
つくばエクスプレス/流山おおたかの森駅 車16分(5.0km)
","
築6年
4階建
","
											4階","1. 賃料: 7.6万円
1. 管理費: 4000円
2. 賃料: 7.8万円
2. 管理費: 4000円
3. 賃料: 7.8万円
3. 管理費: 4000円
4. 賃料: 8万円
4. 管理費: 4000円
","1. 敷金: 7.6万円
1. 礼金: -
2. 敷金: 7.8万円
2. 礼金: -
3. 敷金: 7.8万円
3. 礼金: -
4. 敷金: 8万円
4. 礼金: -
","1. 1K
1. 28.69m2
2. 1K
2. 28.69m2
3. 1K
3. 25.5m2
4. 1K
4. 28.69m2
"
ＪＲ常磐線 柏駅 2階建 築29年,千葉県柏市あけぼの５,"ＪＲ常磐線/柏駅 歩10分
None
None
","
築29年
2階建
","
											2階","1. 賃料: 4万円
1. 管理費: -
","1. 敷金: -
1. 礼金: -
","1. ワンルーム
1. 19.83m2
"
アネックス・コア柏B,千葉県柏市あけぼの４,"ＪＲ常磐線/柏駅 歩6分
東武野田線/柏駅 歩6分
None
","
築27年
2階建
","
											2階","1. 賃料: 4.5万円
1. 管理費: 3500円
2. 賃料: 4.7万円
2. 管理費: 3500円
","1. 敷金: 4.5万円
1. 礼金: 2.25万円
2. 敷金: 4.7万円
2. 礼金: 4.7万円
","1. 1K
1. 19.4m2
2. 1K
2. 19.4m2
"
ジュネパレス長谷川,千葉県柏市柏３,"ＪＲ常磐線/柏駅 歩6分
ＪＲ常磐線/北柏駅 歩29分
東武野田線/新柏駅 車12分(3.8km)
","
築31年
8階建
","
											6階","1. 賃料: 4.2万円
1. 管理費: 6000円
2. 賃料: 4.3万円
2. 管理費: 6000円
3. 賃料: 4.5万円
3. 管理費: 6000円
","1. 敷金: -
1. 礼金: -
2. 敷金: -
2. 礼金: -
3. 敷金: -
3. 礼金: -
","1. 1K
1. 21.26m2
2. 1K
2. 21.26m2
3. 1K
3. 21.26m2
"
旭町ビル,千葉県柏市旭町４,"ＪＲ常磐線/柏駅 歩8分
東武野田線/豊四季駅 歩27分
ＪＲ常磐線/南柏駅 車7分(2.8km)
","
築30年
3階建
","
											3階","1. 賃料: 5.8万円
1. 管理費: 3000円
","1. 敷金: 5.8万円
1. 礼金: -
","1. ワンルーム
1. 35.47m2
"
ラ・プレミール,千葉県柏市柏,"ＪＲ常磐線/柏駅 歩15分
ＪＲ常磐線/北柏駅 歩15分
つくばエクスプレス/柏の葉キャンパス駅 バス20分 (バス停)柏駅西口 歩15分
","
築21年
5階建
","
											4階","1. 賃料: 11.2万円
1. 管理費: 11000円
","1. 敷金: 16.8万円
1. 礼金: 11.2万円
","1. 3LDK
1. 70.83m2
"
アーバンパーク柏,千葉県柏市柏３,"ＪＲ常磐線/柏駅 歩7分
東武野田線/柏駅 歩7分
つくばエクスプレス/柏の葉キャンパス駅 バス20分 (バス停)柏駅西口 歩7分
","
築25年
8階建
","
											5階","1. 賃料: 12.3万円
1. 管理費: 10000円
2. 賃料: 12.5万円
2. 管理費: 10000円
3. 賃料: 12.3万円
3. 管理費: 15000円
4. 賃料: 12.8万円
4. 管理費: 15000円
","1. 敷金: 12.3万円
1. 礼金: -
2. 敷金: 12.5万円
2. 礼金: -
3. 敷金: 12.3万円
3. 礼金: -
4. 敷金: 12.8万円
4. 礼金: -
","1. 3LDK
1. 69.91m2
2. 3LDK
2. 70.57m2
3. 3LDK
3. 69.91m2
4. 3LDK
4. 70.54m2
"
ドミール柏,千葉県柏市柏２,"ＪＲ常磐線/柏駅 歩4分
つくばエクスプレス/柏の葉キャンパス駅 バス20分 (バス停)柏駅西口 歩5分
ＪＲ常磐線/北柏駅 歩29分
","
築31年
13階建
","
											13階","1. 賃料: 3.6万円
1. 管理費: 8000円
2. 賃料: 3.7万円
2. 管理費: 8000円
3. 賃料: 3.7万円
3. 管理費: 8000円
4. 賃料: 3.7万円
4. 管理費: 8000円
5. 賃料: 3.7万円
5. 管理費: 8000円
6. 賃料: 3.7万円
6. 管理費: 8000円
7. 賃料: 3.7万円
7. 管理費: 8000円
8. 賃料: 3.7万円
8. 管理費: 8000円
9. 賃料: 3.8万円
9. 管理費: 8000円
10. 賃料: 3.8万円
10. 管理費: 8000円
11. 賃料: 3.8万円
11. 管理費: 8000円
12. 賃料: 3.8万円
12. 管理費: 8000円
13. 賃料: 3.9万円
13. 管理費: 8000円
14. 賃料: 3.9万円
14. 管理費: 8000円
15. 賃料: 3.9万円
15. 管理費: 8000円
16. 賃料: 3.9万円
16. 管理費: 8000円
17. 賃料: 4万円
17. 管理費: 8000円
18. 賃料: 4万円
18. 管理費: 8000円
19. 賃料: 4万円
19. 管理費: 8000円
20. 賃料: 4万円
20. 管理費: 8000円
21. 賃料: 4万円
21. 管理費: 8000円
22. 賃料: 4万円
22. 管理費: 8000円
23. 賃料: 4万円
23. 管理費: 8000円
24. 賃料: 4万円
24. 管理費: 8000円
25. 賃料: 4万円
25. 管理費: 8000円
26. 賃料: 4万円
26. 管理費: 8000円
27. 賃料: 4万円
27. 管理費: 8000円
28. 賃料: 4万円
28. 管理費: 8000円
29. 賃料: 4万円
29. 管理費: 8000円
30. 賃料: 4万円
30. 管理費: 8000円
31. 賃料: 4万円
31. 管理費: 8000円
32. 賃料: 4万円
32. 管理費: 8000円
33. 賃料: 4万円
33. 管理費: 8000円
34. 賃料: 4万円
34. 管理費: 8000円
35. 賃料: 4万円
35. 管理費: 8000円
36. 賃料: 4万円
36. 管理費: 8000円
37. 賃料: 4万円
37. 管理費: 8000円
38. 賃料: 4万円
38. 管理費: 8000円
39. 賃料: 4万円
39. 管理費: 8000円
40. 賃料: 4万円
40. 管理費: 8000円
41. 賃料: 4万円
41. 管理費: 8000円
42. 賃料: 4万円
42. 管理費: 8000円
43. 賃料: 4万円
43. 管理費: 8000円
44. 賃料: 4万円
44. 管理費: 8000円
45. 賃料: 4万円
45. 管理費: 8000円
46. 賃料: 4万円
46. 管理費: 8000円
47. 賃料: 4.1万円
47. 管理費: 8000円
48. 賃料: 4.1万円
48. 管理費: 8000円
49. 賃料: 4.1万円
49. 管理費: 8000円
50. 賃料: 4.1万円
50. 管理費: 8000円
","1. 敷金: 5万円
1. 礼金: 3.6万円
2. 敷金: 5万円
2. 礼金: 3.7万円
3. 敷金: 5万円
3. 礼金: 3.7万円
4. 敷金: 5万円
4. 礼金: 3.7万円
5. 敷金: 5万円
5. 礼金: 3.7万円
6. 敷金: 5万円
6. 礼金: 3.7万円
7. 敷金: 5万円
7. 礼金: 3.7万円
8. 敷金: 3.7万円
8. 礼金: 3.7万円
9. 敷金: 5万円
9. 礼金: 3.8万円
10. 敷金: 5万円
10. 礼金: 3.8万円
11. 敷金: 5万円
11. 礼金: 3.8万円
12. 敷金: 5万円
12. 礼金: 3.8万円
13. 敷金: 5万円
13. 礼金: 3.9万円
14. 敷金: 3.9万円
14. 礼金: 3.9万円
15. 敷金: 5万円
15. 礼金: 3.9万円
16. 敷金: 5万円
16. 礼金: 3.9万円
17. 敷金: 5万円
17. 礼金: 4万円
18. 敷金: 5万円
18. 礼金: 4万円
19. 敷金: 5万円
19. 礼金: 4万円
20. 敷金: 5万円
20. 礼金: 4万円
21. 敷金: 5万円
21. 礼金: 4万円
22. 敷金: 5万円
22. 礼金: 4万円
23. 敷金: 5万円
23. 礼金: 4万円
24. 敷金: 5万円
24. 礼金: 4万円
25. 敷金: 5万円
25. 礼金: 4万円
26. 敷金: 5万円
26. 礼金: 4万円
27. 敷金: 5万円
27. 礼金: 4万円
28. 敷金: 5万円
28. 礼金: 4万円
29. 敷金: 5万円
29. 礼金: 4万円
30. 敷金: 5万円
30. 礼金: 4万円
31. 敷金: 5万円
31. 礼金: 4万円
32. 敷金: 5万円
32. 礼金: 4万円
33. 敷金: 5万円
33. 礼金: 4万円
34. 敷金: 5万円
34. 礼金: 4万円
35. 敷金: 4万円
35. 礼金: 4万円
36. 敷金: 5万円
36. 礼金: 4万円
37. 敷金: 5万円
37. 礼金: 4万円
38. 敷金: 5万円
38. 礼金: 4万円
39. 敷金: 4万円
39. 礼金: 4万円
40. 敷金: 5万円
40. 礼金: 4万円
41. 敷金: 5万円
41. 礼金: 4万円
42. 敷金: 5万円
42. 礼金: 4万円
43. 敷金: 4万円
43. 礼金: 4万円
44. 敷金: 5万円
44. 礼金: 4万円
45. 敷金: 5万円
45. 礼金: 4万円
46. 敷金: 5万円
46. 礼金: 4万円
47. 敷金: 5万円
47. 礼金: 4.1万円
48. 敷金: 5万円
48. 礼金: 4.1万円
49. 敷金: 5万円
49. 礼金: 4.1万円
50. 敷金: 5万円
50. 礼金: 4.1万円
","1. ワンルーム
1. 18m2
2. ワンルーム
2. 18m2
3. ワンルーム
3. 18m2
4. ワンルーム
4. 18m2
5. ワンルーム
5. 18m2
6. ワンルーム
6. 18m2
7. ワンルーム
7. 18m2
8. ワンルーム
8. 18m2
9. ワンルーム
9. 18m2
10. ワンルーム
10. 18m2
11. ワンルーム
11. 18m2
12. ワンルーム
12. 18m2
13. ワンルーム
13. 18m2
14. ワンルーム
14. 18m2
15. ワンルーム
15. 18m2
16. ワンルーム
16. 18m2
17. ワンルーム
17. 18m2
18. ワンルーム
18. 18m2
19. ワンルーム
19. 18m2
20. ワンルーム
20. 18m2
21. ワンルーム
21. 18m2
22. ワンルーム
22. 18m2
23. ワンルーム
23. 18m2
24. ワンルーム
24. 18m2
25. ワンルーム
25. 18m2
26. ワンルーム
26. 18m2
27. ワンルーム
27. 18m2
28. ワンルーム
28. 18m2
29. ワンルーム
29. 18m2
30. ワンルーム
30. 18m2
31. ワンルーム
31. 18m2
32. ワンルーム
32. 18m2
33. ワンルーム
33. 18m2
34. ワンルーム
34. 18m2
35. ワンルーム
35. 18m2
36. ワンルーム
36. 18m2
37. ワンルーム
37. 18m2
38. ワンルーム
38. 18m2
39. ワンルーム
39. 18m2
40. ワンルーム
40. 18m2
41. ワンルーム
41. 18m2
42. ワンルーム
42. 18m2
43. ワンルーム
43. 18m2
44. ワンルーム
44. 18m2
45. ワンルーム
45. 18m2
46. ワンルーム
46. 18m2
47. ワンルーム
47. 18m2
48. ワンルーム
48. 18m2
49. ワンルーム
49. 18m2
50. ワンルーム
50. 18m2
"
パーソナルI,千葉県柏市あけぼの４,"ＪＲ常磐線/柏駅 歩5分
ＪＲ常磐線/南柏駅 歩36分
つくばエクスプレス/流山おおたかの森駅 歩57分
","
築30年
6階建
","
											4階","1. 賃料: 3.6万円
1. 管理費: 5000円
2. 賃料: 3.6万円
2. 管理費: 5000円
3. 賃料: 3.8万円
3. 管理費: 5000円
4. 賃料: 3.8万円
4. 管理費: 5000円
5. 賃料: 3.8万円
5. 管理費: 5000円
6. 賃料: 3.8万円
6. 管理費: 5000円
7. 賃料: 3.9万円
7. 管理費: 5000円
8. 賃料: 4万円
8. 管理費: 5000円
9. 賃料: 4万円
9. 管理費: 5000円
10. 賃料: 4.1万円
10. 管理費: 5000円
11. 賃料: 5.1万円
11. 管理費: 10500円
","1. 敷金: -
1. 礼金: -
2. 敷金: -
2. 礼金: -
3. 敷金: -
3. 礼金: -
4. 敷金: -
4. 礼金: -
5. 敷金: -
5. 礼金: -
6. 敷金: -
6. 礼金: -
7. 敷金: -
7. 礼金: -
8. 敷金: -
8. 礼金: -
9. 敷金: -
9. 礼金: -
10. 敷金: -
10. 礼金: -
11. 敷金: -
11. 礼金: 5.1万円
","1. 1K
1. 17.9m2
2. 1K
2. 17.9m2
3. 1K
3. 17.9m2
4. 1K
4. 17.9m2
5. 1K
5. 17.9m2
6. 1K
6. 17.9m2
7. 1K
7. 17.9m2
8. 1K
8. 17.9m2
9. 1K
9. 17.9m2
10. 1K
10. 17.9m2
11. 1K
11. 17.9m2
"
染谷エステートビル,千葉県柏市柏,"ＪＲ常磐線/柏駅 歩3分
つくばエクスプレス/柏の葉キャンパス駅 バス20分 (バス停)柏西口 歩3分
東武野田線/新柏駅 歩40分
","
築34年
10階建
","
											9階","1. 賃料: 7.8万円
1. 管理費: 7000円
2. 賃料: 8万円
2. 管理費: 7000円
","1. 敷金: 15.6万円
1. 礼金: 7.8万円
2. 敷金: 16万円
2. 礼金: 8万円
","1. 2DK
1. 51m2
2. 2DK
2. 51m2
"
コスモハイツ,千葉県柏市あけぼの４,"ＪＲ常磐線/柏駅 歩8分
ＪＲ常磐線/北柏駅 歩27分
ＪＲ常磐線/南柏駅 歩40分
","
築30年
2階建
","
											2階","1. 賃料: 3.9万円
1. 管理費: 2000円
","1. 敷金: -
1. 礼金: -
","1. 1K
1. 21m2
"
ロマネあけぼの,千葉県柏市あけぼの４,"ＪＲ常磐線/柏駅 歩6分
ＪＲ常磐線/北柏駅 歩25分
ＪＲ常磐線/南柏駅 歩30分
","
築28年
3階建
","
											1階","1. 賃料: 5万円
1. 管理費: 2000円
2. 賃料: 5.1万円
2. 管理費: 2000円
3. 賃料: 5.1万円
3. 管理費: 2000円
","1. 敷金: 5万円
1. 礼金: -
2. 敷金: 5.1万円
2. 礼金: -
3. 敷金: 5.1万円
3. 礼金: -
","1. 1K
1. 26.1m2
2. 1K
2. 25m2
3. ワンルーム
3. 19.49m2
"
ＪＲ常磐線 柏駅 3階建 築30年,千葉県柏市旭町４,"ＪＲ常磐線/柏駅 歩7分
東武野田線/柏駅 歩7分
ＪＲ常磐線/南柏駅 歩30分
","
築30年
3階建
","
											3階","1. 賃料: 5.8万円
1. 管理費: 3000円
","1. 敷金: 5.8万円
1. 礼金: -
","1. ワンルーム
1. 35.47m2
"
リブイン柏,千葉県柏市旭町４,"ＪＲ常磐線/柏駅 歩13分
ＪＲ常磐線/南柏駅 歩24分
None
","
築20年
2階建
","
											2階","1. 賃料: 5.4万円
1. 管理費: 3500円
2. 賃料: 5.7万円
2. 管理費: 3500円
","1. 敷金: -
1. 礼金: -
2. 敷金: -
2. 礼金: -
","1. 1K
1. 30m2
2. 1K
2. 30m2
"
ペリエ柏,千葉県柏市あけぼの１,"ＪＲ常磐線/柏駅 歩7分
ＪＲ常磐線/北柏駅 歩25分
ＪＲ常磐線/南柏駅 歩38分
","
築31年
4階建
","
											4階","1. 賃料: 6.2万円
1. 管理費: 3000円
","1. 敷金: 6.2万円
1. 礼金: -
","1. 1LDK
1. 37.44m2
"
オークヒル・ハヤマ,千葉県柏市柏７,"ＪＲ常磐線/柏駅 歩7分
東武野田線/柏駅 歩7分
つくばエクスプレス/柏の葉キャンパス駅 バス20分 (バス停)柏駅西口 歩8分
","
築26年
3階建
","
											1階","1. 賃料: 3.2万円
1. 管理費: 3000円
2. 賃料: 3.2万円
2. 管理費: 3000円
3. 賃料: 3.2万円
3. 管理費: 3000円
4. 賃料: 3.2万円
4. 管理費: 3000円
","1. 敷金: -
1. 礼金: -
2. 敷金: -
2. 礼金: -
3. 敷金: -
3. 礼金: -
4. 敷金: -
4. 礼金: -
","1. 1K
1. 21.2m2
2. 1K
2. 21.2m2
3. 1K
3. 21m2
4. 1K
4. 21m2
"
リッツヴィラ柏,千葉県柏市旭町２,"ＪＲ常磐線/柏駅 歩4分
ＪＲ常磐線/南柏駅 歩28分
東武野田線/豊四季駅 歩34分
","
築29年
4階建
","
											4階","1. 賃料: 8.1万円
1. 管理費: 8000円
","1. 敷金: 8.1万円
1. 礼金: -
","1. 2DK
1. 42m2
"
ＪＲ常磐線 柏駅 4階建 築31年,千葉県柏市あけぼの１,"ＪＲ常磐線/柏駅 歩5分
東武野田線/柏駅 歩5分
ＪＲ常磐線/北柏駅 歩25分
","
築31年
4階建
","
											4階","1. 賃料: 6.7万円
1. 管理費: 3000円
","1. 敷金: 6.7万円
1. 礼金: -
","1. 1LDK
1. 37.44m2
"
ＪＲ常磐線 柏駅 6階建 築30年,千葉県柏市あけぼの４,"ＪＲ常磐線/柏駅 歩5分
東武野田線/柏駅 歩5分
ＪＲ常磐線/北柏駅 歩27分
","
築30年
6階建
","
											4階","1. 賃料: 4.1万円
1. 管理費: 5000円
2. 賃料: 5.1万円
2. 管理費: 10500円
","1. 敷金: -
1. 礼金: -
2. 敷金: -
2. 礼金: 5.1万円
","1. 1K
1. 20.8m2
2. 1K
2. 17.9m2
"
ＪＲ常磐線 柏駅 3階建 築28年,千葉県柏市あけぼの４,"ＪＲ常磐線/柏駅 歩6分
None
東武野田線/柏駅 歩6分
","
築28年
3階建
","
											1階","1. 賃料: 5.1万円
1. 管理費: 2000円
","1. 敷金: 5.1万円
1. 礼金: -
","1. ワンルーム
1. 19.49m2
"
YRレジデンス,千葉県柏市柏３,"ＪＲ常磐線/柏駅 歩7分
東武野田線/柏駅 歩7分
None
","
築27年
7階建
","
											4階","1. 賃料: 6.2万円
1. 管理費: 6000円
2. 賃料: 6.3万円
2. 管理費: 6000円
","1. 敷金: -
1. 礼金: 6.2万円
2. 敷金: -
2. 礼金: 6.3万円
","1. 1DK
1. 30.75m2
2. 1DK
2. 30.75m2
"
サンエクスピアハイツ,千葉県柏市柏４,"ＪＲ常磐線/柏駅 歩3分
東武野田線/柏駅 歩3分
None
","
築31年
2階建
","
											2階","1. 賃料: 7.5万円
1. 管理費: -
","1. 敷金: 7.5万円
1. 礼金: -
","1. 2DK
1. 46.6m2
"
ミレア柏,千葉県柏市旭町２,"ＪＲ常磐線/柏駅 歩9分
ＪＲ常磐線/南柏駅 歩29分
つくばエクスプレス/柏の葉キャンパス駅 バス20分 (バス停)柏駅西口 歩9分
","
築27年
2階建
","
											2階","1. 賃料: 3.9万円
1. 管理費: -
","1. 敷金: -
1. 礼金: -
","1. ワンルーム
1. 20.19m2
"
ＪＲ常磐線 柏駅 2階建 築28年,千葉県柏市旭町２,"ＪＲ常磐線/柏駅 歩5分
None
None
","
築28年
2階建
","
											2階","1. 賃料: 4.6万円
1. 管理費: 3000円
","1. 敷金: -
1. 礼金: -
","1. 1K
1. 20m2
"
ＧＭウエストハイツ　Ａ,千葉県柏市旭町３,"ＪＲ常磐線/柏駅 歩5分
東武野田線/柏駅 歩5分
ＪＲ常磐線/南柏駅 歩30分
","
築26年
10階建
","
											10階","1. 賃料: 5.3万円
1. 管理費: 7000円
2. 賃料: 5.6万円
2. 管理費: 5500円
3. 賃料: 5.6万円
3. 管理費: 7000円
4. 賃料: 5.7万円
4. 管理費: 7000円
5. 賃料: 6万円
5. 管理費: 7000円
","1. 敷金: -
1. 礼金: 5.3万円
2. 敷金: -
2. 礼金: 5.6万円
3. 敷金: -
3. 礼金: 5.6万円
4. 敷金: -
4. 礼金: 5.7万円
5. 敷金: -
5. 礼金: 6万円
","1. 1K
1. 22.31m2
2. 1K
2. 22.31m2
3. 1K
3. 22.31m2
4. 1K
4. 22.31m2
5. 1K
5. 22.31m2
"
ＪＲ常磐線 柏駅 7階建 築27年,千葉県柏市柏３,"ＪＲ常磐線/柏駅 歩7分
ＪＲ常磐線/北柏駅 歩28分
ＪＲ常磐線/南柏駅 歩38分
","
築27年
7階建
","
											4階","1. 賃料: 6.3万円
1. 管理費: 6000円
","1. 敷金: -
1. 礼金: 6.3万円
","1. 1DK
1. 30.75m2
"
ドミール柏,千葉県柏市柏,"東武野田線/柏駅 歩4分
ＪＲ常磐線/北柏駅 歩30分
ＪＲ常磐線/南柏駅 歩36分
","
築31年
13階建
","
											13階","1. 賃料: 3.6万円
1. 管理費: 8000円
2. 賃料: 3.7万円
2. 管理費: 8000円
3. 賃料: 3.7万円
3. 管理費: 8000円
4. 賃料: 3.7万円
4. 管理費: 8000円
5. 賃料: 3.7万円
5. 管理費: 8000円
6. 賃料: 3.7万円
6. 管理費: 8000円
7. 賃料: 3.7万円
7. 管理費: 8000円
8. 賃料: 3.7万円
8. 管理費: 8000円
9. 賃料: 3.8万円
9. 管理費: 8000円
10. 賃料: 3.8万円
10. 管理費: 8000円
11. 賃料: 3.8万円
11. 管理費: 8000円
12. 賃料: 3.8万円
12. 管理費: 8000円
13. 賃料: 3.9万円
13. 管理費: 8000円
14. 賃料: 3.9万円
14. 管理費: 8000円
15. 賃料: 4万円
15. 管理費: 8000円
16. 賃料: 4万円
16. 管理費: 8000円
17. 賃料: 4万円
17. 管理費: 8000円
18. 賃料: 4万円
18. 管理費: 8000円
19. 賃料: 4万円
19. 管理費: 8000円
20. 賃料: 4万円
20. 管理費: 8000円
21. 賃料: 4万円
21. 管理費: 8000円
22. 賃料: 4万円
22. 管理費: 8000円
23. 賃料: 4万円
23. 管理費: 8000円
24. 賃料: 4万円
24. 管理費: 8000円
25. 賃料: 4万円
25. 管理費: 8000円
26. 賃料: 4万円
26. 管理費: 8000円
27. 賃料: 4万円
27. 管理費: 8000円
28. 賃料: 4万円
28. 管理費: 8000円
29. 賃料: 4万円
29. 管理費: 8000円
30. 賃料: 4万円
30. 管理費: 8000円
31. 賃料: 4万円
31. 管理費: 8000円
32. 賃料: 4万円
32. 管理費: 8000円
33. 賃料: 4万円
33. 管理費: 8000円
34. 賃料: 4万円
34. 管理費: 8000円
35. 賃料: 4万円
35. 管理費: 8000円
36. 賃料: 4万円
36. 管理費: 8000円
37. 賃料: 4万円
37. 管理費: 8000円
38. 賃料: 4万円
38. 管理費: 8000円
39. 賃料: 4万円
39. 管理費: 8000円
40. 賃料: 4万円
40. 管理費: 8000円
41. 賃料: 4.1万円
41. 管理費: 8000円
42. 賃料: 4.1万円
42. 管理費: 8000円
43. 賃料: 4.1万円
43. 管理費: 8000円
44. 賃料: 4.1万円
44. 管理費: 8000円
","1. 敷金: 5万円
1. 礼金: 3.6万円
2. 敷金: 5万円
2. 礼金: 3.7万円
3. 敷金: 5万円
3. 礼金: 3.7万円
4. 敷金: 5万円
4. 礼金: 3.7万円
5. 敷金: 5万円
5. 礼金: 3.7万円
6. 敷金: 5万円
6. 礼金: 3.7万円
7. 敷金: 5万円
7. 礼金: 3.7万円
8. 敷金: 5万円
8. 礼金: 3.7万円
9. 敷金: 5万円
9. 礼金: 3.8万円
10. 敷金: 5万円
10. 礼金: 3.8万円
11. 敷金: 5万円
11. 礼金: 3.8万円
12. 敷金: 5万円
12. 礼金: 3.8万円
13. 敷金: 5万円
13. 礼金: 3.9万円
14. 敷金: 5万円
14. 礼金: 3.9万円
15. 敷金: 5万円
15. 礼金: 4万円
16. 敷金: 5万円
16. 礼金: 4万円
17. 敷金: 5万円
17. 礼金: 4万円
18. 敷金: 5万円
18. 礼金: 4万円
19. 敷金: 5万円
19. 礼金: 4万円
20. 敷金: 5万円
20. 礼金: 4万円
21. 敷金: 5万円
21. 礼金: 4万円
22. 敷金: 5万円
22. 礼金: 4万円
23. 敷金: 5万円
23. 礼金: 4万円
24. 敷金: 5万円
24. 礼金: 4万円
25. 敷金: 5万円
25. 礼金: 4万円
26. 敷金: 5万円
26. 礼金: 4万円
27. 敷金: 5万円
27. 礼金: 4万円
28. 敷金: 5万円
28. 礼金: 4万円
29. 敷金: 5万円
29. 礼金: 4万円
30. 敷金: 5万円
30. 礼金: 4万円
31. 敷金: 5万円
31. 礼金: 4万円
32. 敷金: 5万円
32. 礼金: 4万円
33. 敷金: 5万円
33. 礼金: 4万円
34. 敷金: 5万円
34. 礼金: 4万円
35. 敷金: 5万円
35. 礼金: 4万円
36. 敷金: 5万円
36. 礼金: 4万円
37. 敷金: 5万円
37. 礼金: 4万円
38. 敷金: 5万円
38. 礼金: 4万円
39. 敷金: 5万円
39. 礼金: 4万円
40. 敷金: 5万円
40. 礼金: 4万円
41. 敷金: 5万円
41. 礼金: 4.1万円
42. 敷金: 5万円
42. 礼金: 4.1万円
43. 敷金: 5万円
43. 礼金: 4.1万円
44. 敷金: 5万円
44. 礼金: 4.1万円
","1. ワンルーム
1. 18m2
2. ワンルーム
2. 18m2
3. ワンルーム
3. 18m2
4. ワンルーム
4. 18m2
5. ワンルーム
5. 18m2
6. ワンルーム
6. 18m2
7. ワンルーム
7. 18m2
8. ワンルーム
8. 18m2
9. ワンルーム
9. 18m2
10. ワンルーム
10. 18m2
11. ワンルーム
11. 18m2
12. ワンルーム
12. 18m2
13. ワンルーム
13. 18m2
14. ワンルーム
14. 18m2
15. ワンルーム
15. 18m2
16. ワンルーム
16. 18m2
17. ワンルーム
17. 18m2
18. ワンルーム
18. 18m2
19. ワンルーム
19. 18m2
20. ワンルーム
20. 18m2
21. ワンルーム
21. 18m2
22. ワンルーム
22. 18m2
23. ワンルーム
23. 18m2
24. ワンルーム
24. 18m2
25. ワンルーム
25. 18m2
26. ワンルーム
26. 18m2
27. ワンルーム
27. 18m2
28. ワンルーム
28. 18m2
29. ワンルーム
29. 18m2
30. ワンルーム
30. 18m2
31. ワンルーム
31. 18m2
32. ワンルーム
32. 18m2
33. ワンルーム
33. 18m2
34. ワンルーム
34. 18m2
35. ワンルーム
35. 18m2
36. ワンルーム
36. 18m2
37. ワンルーム
37. 18m2
38. ワンルーム
38. 18m2
39. ワンルーム
39. 18m2
40. ワンルーム
40. 18m2
41. ワンルーム
41. 18m2
42. ワンルーム
42. 18m2
43. ワンルーム
43. 18m2
44. ワンルーム
44. 18m2
"
東武野田線 柏駅 13階建 築31年,千葉県柏市柏,"東武野田線/柏駅 歩4分
ＪＲ常磐線/北柏駅 歩30分
ＪＲ常磐線/南柏駅 歩36分
","
築31年
13階建
","
											13階","1. 賃料: 3.7万円
1. 管理費: 8000円
2. 賃料: 3.7万円
2. 管理費: 8000円
3. 賃料: 3.7万円
3. 管理費: 8000円
4. 賃料: 3.7万円
4. 管理費: 8000円
5. 賃料: 3.8万円
5. 管理費: 8000円
6. 賃料: 3.8万円
6. 管理費: 8000円
7. 賃料: 3.8万円
7. 管理費: 8000円
8. 賃料: 3.8万円
8. 管理費: 8000円
9. 賃料: 3.9万円
9. 管理費: 8000円
10. 賃料: 3.9万円
10. 管理費: 8000円
11. 賃料: 4万円
11. 管理費: 8000円
12. 賃料: 4万円
12. 管理費: 8000円
13. 賃料: 4万円
13. 管理費: 8000円
14. 賃料: 4万円
14. 管理費: 8000円
15. 賃料: 4万円
15. 管理費: 8000円
16. 賃料: 4万円
16. 管理費: 8000円
17. 賃料: 4万円
17. 管理費: 8000円
18. 賃料: 4万円
18. 管理費: 8000円
19. 賃料: 4万円
19. 管理費: 8000円
20. 賃料: 4万円
20. 管理費: 8000円
21. 賃料: 4万円
21. 管理費: 8000円
22. 賃料: 4万円
22. 管理費: 8000円
23. 賃料: 4万円
23. 管理費: 8000円
24. 賃料: 4万円
24. 管理費: 8000円
25. 賃料: 4万円
25. 管理費: 8000円
26. 賃料: 4万円
26. 管理費: 8000円
27. 賃料: 4万円
27. 管理費: 8000円
28. 賃料: 4万円
28. 管理費: 8000円
29. 賃料: 4.1万円
29. 管理費: 8000円
30. 賃料: 4.1万円
30. 管理費: 8000円
31. 賃料: 4.1万円
31. 管理費: 8000円
32. 賃料: 4.1万円
32. 管理費: 8000円
","1. 敷金: 5万円
1. 礼金: 3.7万円
2. 敷金: 5万円
2. 礼金: 3.7万円
3. 敷金: 5万円
3. 礼金: 3.7万円
4. 敷金: 5万円
4. 礼金: 3.7万円
5. 敷金: 5万円
5. 礼金: 3.8万円
6. 敷金: 5万円
6. 礼金: 3.8万円
7. 敷金: 5万円
7. 礼金: 3.8万円
8. 敷金: 5万円
8. 礼金: 3.8万円
9. 敷金: 5万円
9. 礼金: 3.9万円
10. 敷金: 5万円
10. 礼金: 3.9万円
11. 敷金: 5万円
11. 礼金: 4万円
12. 敷金: 5万円
12. 礼金: 4万円
13. 敷金: 5万円
13. 礼金: 4万円
14. 敷金: 5万円
14. 礼金: 4万円
15. 敷金: 5万円
15. 礼金: 4万円
16. 敷金: 5万円
16. 礼金: 4万円
17. 敷金: 5万円
17. 礼金: 4万円
18. 敷金: 5万円
18. 礼金: 4万円
19. 敷金: 5万円
19. 礼金: 4万円
20. 敷金: 5万円
20. 礼金: 4万円
21. 敷金: 5万円
21. 礼金: 4万円
22. 敷金: 5万円
22. 礼金: 4万円
23. 敷金: 5万円
23. 礼金: 4万円
24. 敷金: 5万円
24. 礼金: 4万円
25. 敷金: 5万円
25. 礼金: 4万円
26. 敷金: 5万円
26. 礼金: 4万円
27. 敷金: 5万円
27. 礼金: 4万円
28. 敷金: 5万円
28. 礼金: 4万円
29. 敷金: 5万円
29. 礼金: 4.1万円
30. 敷金: 5万円
30. 礼金: 4.1万円
31. 敷金: 5万円
31. 礼金: 4.1万円
32. 敷金: 5万円
32. 礼金: 4.1万円
","1. ワンルーム
1. 18m2
2. ワンルーム
2. 18m2
3. ワンルーム
3. 18m2
4. ワンルーム
4. 18m2
5. ワンルーム
5. 18m2
6. ワンルーム
6. 18m2
7. ワンルーム
7. 18m2
8. ワンルーム
8. 18m2
9. ワンルーム
9. 18m2
10. ワンルーム
10. 18m2
11. ワンルーム
11. 18m2
12. ワンルーム
12. 18m2
13. ワンルーム
13. 18m2
14. ワンルーム
14. 18m2
15. ワンルーム
15. 18m2
16. ワンルーム
16. 18m2
17. ワンルーム
17. 18m2
18. ワンルーム
18. 18m2
19. ワンルーム
19. 18m2
20. ワンルーム
20. 18m2
21. ワンルーム
21. 18m2
22. ワンルーム
22. 18m2
23. ワンルーム
23. 18m2
24. ワンルーム
24. 18m2
25. ワンルーム
25. 18m2
26. ワンルーム
26. 18m2
27. ワンルーム
27. 18m2
28. ワンルーム
28. 18m2
29. ワンルーム
29. 18m2
30. ワンルーム
30. 18m2
31. ワンルーム
31. 18m2
32. ワンルーム
32. 18m2
"
サングリーン海道割,千葉県柏市柏,"ＪＲ常磐線/柏駅 歩12分
ＪＲ常磐線/南柏駅 歩46分
つくばエクスプレス/柏の葉キャンパス駅 歩47分
","
築21年
8階建
","
											3階","1. 賃料: 12万円
1. 管理費: 10000円
","1. 敷金: -
1. 礼金: -
","1. 2SLDK
1. 75.03m2
"
ＪＲ常磐線 柏駅 8階建 築25年,千葉県柏市柏３,"ＪＲ常磐線/柏駅 歩7分
ＪＲ常磐線/北柏駅 歩27分
None
","
築25年
8階建
","
											5階","1. 賃料: 12.3万円
1. 管理費: 10000円
2. 賃料: 12.5万円
2. 管理費: 10000円
3. 賃料: 12.8万円
3. 管理費: 10000円
4. 賃料: 12.8万円
4. 管理費: 15000円
","1. 敷金: 12.3万円
1. 礼金: -
2. 敷金: 12.5万円
2. 礼金: -
3. 敷金: 12.8万円
3. 礼金: -
4. 敷金: 12.8万円
4. 礼金: -
","1. 3LDK
1. 69.91m2
2. 3LDK
2. 70.57m2
3. 3LDK
3. 70.57m2
4. 3LDK
4. 70.54m2
"
ＪＲ常磐線 柏駅 3階建 築27年,千葉県柏市柏６,"ＪＲ常磐線/柏駅 歩8分
ＪＲ常磐線/北柏駅 歩25分
None
","
築27年
3階建
","
											3階","1. 賃料: 3.6万円
1. 管理費: 3000円
2. 賃料: 3.7万円
2. 管理費: 3000円
3. 賃料: 3.9万円
3. 管理費: 5000円
","1. 敷金: -
1. 礼金: -
2. 敷金: -
2. 礼金: -
3. 敷金: -
3. 礼金: -
","1. 1K
1. 17.5m2
2. 1K
2. 17.5m2
3. 1K
3. 17.5m2
"
オーバル柏,千葉県柏市旭町２,"ＪＲ常磐線/柏駅 歩4分
ＪＲ常磐線/南柏駅 歩29分
東武野田線/豊四季駅 歩36分
","
築28年
3階建
","
											2階","1. 賃料: 4.3万円
1. 管理費: 2000円
2. 賃料: 4.4万円
2. 管理費: 2000円
3. 賃料: 4.6万円
3. 管理費: 3000円
","1. 敷金: -
1. 礼金: -
2. 敷金: -
2. 礼金: -
3. 敷金: -
3. 礼金: -
","1. 1K
1. 20m2
2. ワンルーム
2. 20m2
3. 1K
3. 20m2
"
レオパレスプリマベーラ,千葉県柏市あけぼの５,"ＪＲ常磐線/柏駅 歩11分
ＪＲ常磐線/北柏駅 バス4分 (バス停)あけぼの町 歩5分
つくばエクスプレス/柏の葉キャンパス駅 バス21分 (バス停)篠篭田 歩3分
","
築21年
2階建
","
											2階","1. 賃料: 5万円
1. 管理費: 4500円
","1. 敷金: -
1. 礼金: -
","1. 1K
1. 20.28m2
"
ＪＲ常磐線 柏駅 10階建 築26年,千葉県柏市旭町３,"ＪＲ常磐線/柏駅 歩4分
ＪＲ常磐線/南柏駅 歩30分
None
","
築26年
10階建
","
											10階","1. 賃料: 5.6万円
1. 管理費: 6000円
2. 賃料: 5.6万円
2. 管理費: 7000円
3. 賃料: 5.7万円
3. 管理費: 7000円
4. 賃料: 6万円
4. 管理費: 7000円
","1. 敷金: -
1. 礼金: 5.5万円
2. 敷金: -
2. 礼金: 5.6万円
3. 敷金: -
3. 礼金: 5.7万円
4. 敷金: -
4. 礼金: 6万円
","1. 1K
1. 22.31m2
2. 1K
2. 22.31m2
3. 1K
3. 22.31m2
4. 1K
4. 22.31m2
"
ＪＲ常磐線 柏駅 2階建 築21年,千葉県柏市あけぼの５,"ＪＲ常磐線/柏駅 歩11分
ＪＲ常磐線/北柏駅 車6分(2.2km)
つくばエクスプレス/柏の葉キャンパス駅 車11分(3.7km)
","
築21年
2階建
","
											2階","1. 賃料: 4.8万円
1. 管理費: 4500円
2. 賃料: 5万円
2. 管理費: 4500円
","1. 敷金: -
1. 礼金: -
2. 敷金: -
2. 礼金: -
","1. 1K
1. 20.28m2
2. 1K
2. 20.28m2
"
コートヤードシブヤ,千葉県柏市柏６,"ＪＲ常磐線/柏駅 歩5分
ＪＲ常磐線/南柏駅 歩38分
東武野田線/新柏駅 歩41分
","
築26年
3階建
","
											3階","1. 賃料: 3.6万円
1. 管理費: 3000円
2. 賃料: 3.7万円
2. 管理費: 3000円
3. 賃料: 3.6万円
3. 管理費: 5000円
4. 賃料: 3.9万円
4. 管理費: 5000円
","1. 敷金: -
1. 礼金: 3.6万円
2. 敷金: -
2. 礼金: -
3. 敷金: -
3. 礼金: -
4. 敷金: -
4. 礼金: -
","1. 1K
1. 17.5m2
2. 1K
2. 17.5m2
3. 1K
3. 17.5m2
4. 1K
4. 17.5m2
"
ＳＫヴィラ,千葉県柏市旭町３,"ＪＲ常磐線/柏駅 歩5分
ＪＲ常磐線/南柏駅 歩30分
ＪＲ常磐線/北柏駅 歩34分
","
築29年
3階建
","
											3階","1. 賃料: 5.3万円
1. 管理費: 3000円
","1. 敷金: 5.3万円
1. 礼金: -
","1. 1K
1. 19.6m2
"
ルミエールジビキ,千葉県柏市あけぼの４,"ＪＲ常磐線/柏駅 歩5分
東武野田線/柏駅 歩5分
ＪＲ常磐線/北柏駅 歩29分
","
築26年
5階建
","
											4階","1. 賃料: 17.5万円
1. 管理費: 3000円
","1. 敷金: 17.5万円
1. 礼金: 17.5万円
","1. 3LDK
1. 105.48m2
"
アクティー柏,千葉県柏市旭町１,"ＪＲ常磐線/柏駅 歩3分
ＪＲ常磐線/南柏駅 歩30分
東武野田線/柏駅 歩3分
","
築27年
4階建
","
											2階","1. 賃料: 5万円
1. 管理費: 2000円
","1. 敷金: -
1. 礼金: -
","1. 1K
1. 22.27m2
"
ミレニアムハイツ,千葉県柏市旭町３,"ＪＲ常磐線/柏駅 歩7分
ＪＲ常磐線/南柏駅 歩33分
東武野田線/豊四季駅 歩36分
","
築22年
4階建
","
											4階","1. 賃料: 5.6万円
1. 管理費: 4500円
2. 賃料: 6.1万円
2. 管理費: 4500円
","1. 敷金: -
1. 礼金: 5.6万円
2. 敷金: -
2. 礼金: 6.1万円
","1. 1K
1. 25.84m2
2. 1DK
2. 26.54m2
"
エスティアム,千葉県柏市柏６,"ＪＲ常磐線/柏駅 歩9分
ＪＲ常磐線/北柏駅 歩23分
ＪＲ常磐線/南柏駅 歩40分
","
築24年
3階建
","
											1階","1. 賃料: 4.8万円
1. 管理費: 2000円
","1. 敷金: 4.8万円
1. 礼金: -
","1. 1K
1. 19.04m2
"
モアルヤタ藤,千葉県柏市旭町４,"ＪＲ常磐線/柏駅 歩10分
ＪＲ常磐線/南柏駅 歩24分
つくばエクスプレス/流山おおたかの森駅 歩49分
","
築20年
3階建
","
											2階","1. 賃料: 6万円
1. 管理費: 4000円
2. 賃料: 6.5万円
2. 管理費: 6000円
","1. 敷金: 6万円
1. 礼金: -
2. 敷金: -
2. 礼金: -
","1. ワンルーム
1. 30.65m2
2. ワンルーム
2. 30.6m2
"
グレイス,千葉県柏市旭町５,"ＪＲ常磐線/柏駅 歩15分
東武野田線/柏駅 歩15分
ＪＲ常磐線/南柏駅 歩18分
","
築15年
4階建
","
											4階","1. 賃料: 7.5万円
1. 管理費: 3000円
2. 賃料: 7.5万円
2. 管理費: 3000円
","1. 敷金: 7.5万円
1. 礼金: -
2. 敷金: 7.5万円
2. 礼金: -
","1. 1DK
1. 39.96m2
2. 1DK
2. 39.96m2
"
アヴニール柏,千葉県柏市旭町４,"ＪＲ常磐線/柏駅 歩10分
ＪＲ常磐線/南柏駅 歩28分
東武野田線/豊四季駅 歩30分
","
築17年
2階建
","
											1階","1. 賃料: 4.5万円
1. 管理費: 2000円
2. 賃料: 4.5万円
2. 管理費: 3000円
","1. 敷金: -
1. 礼金: -
2. 敷金: -
2. 礼金: -
","1. 1K
1. 21.18m2
2. 1K
2. 21.18m2
"
ＪＲ常磐線 柏駅 2階建 築23年,千葉県柏市あけぼの１,"ＪＲ常磐線/柏駅 歩8分
東武野田線/柏駅 歩8分
ＪＲ常磐線/北柏駅 歩28分
","
築23年
2階建
","
											1階","1. 賃料: 4.9万円
1. 管理費: 3000円
","1. 敷金: -
1. 礼金: -
","1. 1K
1. 19.87m2
"
コンブリオ柏,千葉県柏市あけぼの４,"ＪＲ常磐線/柏駅 歩8分
ＪＲ常磐線/北柏駅 歩27分
東武野田線/豊四季駅 歩40分
","
築21年
4階建
","
											1階","1. 賃料: 6.2万円
1. 管理費: 4000円
","1. 敷金: -
1. 礼金: -
","1. 1DK
1. 30.01m2
"
葉山レジデンス,千葉県柏市柏６,"ＪＲ常磐線/柏駅 歩13分
ＪＲ常磐線/柏駅 歩13分
東武野田線/柏駅 歩13分
","
築17年
4階建
","
											4階","1. 賃料: 7.2万円
1. 管理費: 5000円
","1. 敷金: 7.2万円
1. 礼金: -
","1. 1K
1. 31.02m2
"
セレッソ濱嶋,千葉県柏市柏７,"ＪＲ常磐線/柏駅 歩14分
東武野田線/柏駅 歩14分
ＪＲ常磐線/北柏駅 歩28分
","
築17年
2階建
","
											1階","1. 賃料: 7.7万円
1. 管理費: 3000円
","1. 敷金: 7.7万円
1. 礼金: -
","1. 1LDK
1. 42.95m2
"
ＪＲ常磐線 柏駅 4階建 築22年,千葉県柏市旭町３,"ＪＲ常磐線/柏駅 歩7分
ＪＲ常磐線/南柏駅 車12分(3.4km)
東武野田線/豊四季駅 車13分(2.8km)
","
築22年
4階建
","
											4階","1. 賃料: 5.6万円
1. 管理費: 4500円
2. 賃料: 6.1万円
2. 管理費: 4500円
","1. 敷金: -
1. 礼金: 5.6万円
2. 敷金: -
2. 礼金: 6.1万円
","1. 1DK
1. 25.84m2
2. 1DK
2. 26.54m2
"
ＪＲ常磐線 柏駅 4階建 築15年,千葉県柏市旭町５,"ＪＲ常磐線/柏駅 歩15分
ＪＲ常磐線/南柏駅 歩21分
つくばエクスプレス/流山おおたかの森駅 車15分(4.8km)
","
築15年
4階建
","
											4階","1. 賃料: 6.2万円
1. 管理費: 3000円
2. 賃料: 7.5万円
2. 管理費: 3000円
3. 賃料: 7.5万円
3. 管理費: 3000円
","1. 敷金: -
1. 礼金: -
2. 敷金: 7.5万円
2. 礼金: -
3. 敷金: 7.5万円
3. 礼金: -
","1. 1K
1. 29.6m2
2. 1DK
2. 39.96m2
3. 1DK
3. 39.96m2
"
フォレスト柏,千葉県柏市柏５,"ＪＲ常磐線/柏駅 歩10分
ＪＲ常磐線/北柏駅 歩24分
東武野田線/柏駅 歩10分
","
築20年
2階建
","
											1階","1. 賃料: 4.4万円
1. 管理費: 4000円
","1. 敷金: -
1. 礼金: -
","1. 1K
1. 20.47m2
"
信濃屋ハウス,千葉県柏市旭町４,"ＪＲ常磐線/柏駅 歩6分
東武野田線/柏駅 歩6分
ＪＲ常磐線/南柏駅 歩28分
","
築24年
2階建
","
											1階","1. 賃料: 4.9万円
1. 管理費: -
2. 賃料: 4.9万円
2. 管理費: 2000円
","1. 敷金: -
1. 礼金: -
2. 敷金: -
2. 礼金: 4.9万円
","1. ワンルーム
1. 24.31m2
2. ワンルーム
2. 26.44m2
"
ＪＲ常磐線 柏駅 2階建 築23年,千葉県柏市旭町４,"ＪＲ常磐線/柏駅 歩8分
None
None
","
築23年
2階建
","
											1階","1. 賃料: 4.9万円
1. 管理費: 2000円
","1. 敷金: -
1. 礼金: 4.9万円
","1. ワンルーム
1. 26.44m2
"
ＪＲ常磐線 柏駅 4階建 築22年,千葉県柏市あけぼの４,"ＪＲ常磐線/柏駅 歩8分
ＪＲ常磐線/北柏駅 車5分(2.1km)
つくばエクスプレス/柏の葉キャンパス駅 車12分(4.0km)
","
築22年
4階建
","
											1階","1. 賃料: 6.2万円
1. 管理費: 4000円
","1. 敷金: -
1. 礼金: -
","1. 1DK
1. 30.01m2
"
ＪＲ常磐線 柏駅 10階建 築17年,千葉県柏市柏３,"ＪＲ常磐線/柏駅 歩11分
ＪＲ常磐線/北柏駅 歩30分
東武野田線/新柏駅 車13分(3.6km)
","
築17年
10階建
","
											3階","1. 賃料: 7.2万円
1. 管理費: 5000円
","1. 敷金: -
1. 礼金: 7.2万円
","1. 1K
1. 25.19m2
"
エクセラ・モン・ピエース,千葉県柏市柏３,"ＪＲ常磐線/柏駅 歩5分
東武野田線/柏駅 歩5分
ＪＲ常磐線/北柏駅 歩29分
","
築24年
8階建
","
											8階","1. 賃料: 6.3万円
1. 管理費: 7000円
","1. 敷金: 6.3万円
1. 礼金: -
","1. 1K
1. 25.89m2
"
レオパレスシャルム,千葉県柏市あけぼの５,"ＪＲ常磐線/柏駅 歩11分
None
None
","
築16年
2階建
","
											2階","1. 賃料: 5.2万円
1. 管理費: 4500円
","1. 敷金: -
1. 礼金: 2.6万円
","1. 1K
1. 19.87m2
"
ＪＲ常磐線 柏駅 10階建 築20年,千葉県柏市あけぼの４,"ＪＲ常磐線/柏駅 歩8分
東武野田線/柏駅 歩8分
ＪＲ常磐線/北柏駅 歩26分
","
築20年
10階建
","
											10階","1. 賃料: 6.6万円
1. 管理費: 10500円
","1. 敷金: -
1. 礼金: 6.6万円
","1. 1K
1. 23.8m2
"
リエット,千葉県柏市旭町５,"ＪＲ常磐線/柏駅 歩15分
ＪＲ常磐線/南柏駅 歩19分
None
","
築15年
3階建
","
											2階","1. 賃料: 5.6万円
1. 管理費: 3500円
2. 賃料: 6万円
2. 管理費: 3500円
","1. 敷金: 5.6万円
1. 礼金: -
2. 敷金: 6万円
2. 礼金: -
","1. 1K
1. 30m2
2. 1K
2. 30m2
"
ロイヤルハウス,千葉県柏市あけぼの４,"ＪＲ常磐線/柏駅 歩7分
ＪＲ常磐線/北柏駅 バス4分 (バス停)あけぼの町 歩4分
つくばエクスプレス/柏の葉キャンパス駅 バス22分 (バス停)柏第一小学校前 歩3分
","
築19年
4階建
","
											3階","1. 賃料: 6.5万円
1. 管理費: 3000円
","1. 敷金: -
1. 礼金: -
","1. 1K
1. 27m2
"
プライム柏,千葉県柏市あけぼの３,"ＪＲ常磐線/柏駅 歩5分
ＪＲ常磐線/北柏駅 歩23分
ＪＲ常磐線/南柏駅 歩38分
","
築18年
5階建
","
											4階","1. 賃料: 9.2万円
1. 管理費: 7500円
2. 賃料: 9.2万円
2. 管理費: 8500円
3. 賃料: 9.5万円
3. 管理費: 8500円
","1. 敷金: -
1. 礼金: -
2. 敷金: -
2. 礼金: -
3. 敷金: -
3. 礼金: -
","1. 1LDK
1. 43.19m2
2. 1LDK
2. 43.19m2
3. 2DK
3. 45.74m2
"
レインボーパレス,千葉県柏市あけぼの１,"ＪＲ常磐線/柏駅 歩4分
つくばエクスプレス/柏の葉キャンパス駅 歩39分
ＪＲ常磐線/南柏駅 歩39分
","
築23年
2階建
","
											2階","1. 賃料: 4.9万円
1. 管理費: 3000円
2. 賃料: 4.9万円
2. 管理費: 3000円
3. 賃料: 5万円
3. 管理費: 3000円
4. 賃料: 5万円
4. 管理費: 3000円
","1. 敷金: -
1. 礼金: -
2. 敷金: -
2. 礼金: -
3. 敷金: -
3. 礼金: -
4. 敷金: -
4. 礼金: -
","1. ワンルーム
1. 19.87m2
2. ワンルーム
2. 19.87m2
3. ワンルーム
3. 19.87m2
4. 1K
4. 19.87m2
"
ＪＲ常磐線 柏駅 2階建 築16年,千葉県柏市あけぼの５,"ＪＲ常磐線/柏駅 歩11分
ＪＲ常磐線/北柏駅 歩30分
None
","
築16年
2階建
","
											2階","1. 賃料: 5.2万円
1. 管理費: 4500円
2. 賃料: 5.3万円
2. 管理費: 4500円
","1. 敷金: -
1. 礼金: 2.6万円
2. 敷金: -
2. 礼金: 2.65万円
","1. 1K
1. 19.87m2
2. 1K
2. 19.87m2
"
アウローラ,千葉県柏市あけぼの４,"ＪＲ常磐線/柏駅 歩8分
東武野田線/柏駅 歩8分
ＪＲ常磐線/北柏駅 歩26分
","
築20年
10階建
","
											10階","1. 賃料: 6.6万円
1. 管理費: 10500円
","1. 敷金: -
1. 礼金: 6.6万円
","1. 1K
1. 23.8m2
"
エスペランサM,千葉県柏市柏６,"ＪＲ常磐線/柏駅 歩6分
ＪＲ常磐線/北柏駅 歩25分
東武野田線/新柏駅 歩43分
","
築19年
10階建
","
											9階","1. 賃料: 7万円
1. 管理費: 5500円
2. 賃料: 7.5万円
2. 管理費: 5500円
","1. 敷金: -
1. 礼金: 7万円
2. 敷金: -
2. 礼金: 5万円
","1. 1K
1. 30.6m2
2. 1K
2. 32.63m2
"
ＪＲ常磐線 柏駅 2階建 築17年,千葉県柏市旭町４,"ＪＲ常磐線/柏駅 歩10分
東武野田線/柏駅 歩10分
ＪＲ常磐線/南柏駅 歩28分
","
築17年
2階建
","
											1階","1. 賃料: 4.5万円
1. 管理費: 2000円
","1. 敷金: -
1. 礼金: -
","1. 1K
1. 21.18m2
"
ＪＲ常磐線 柏駅 3階建 築14年,千葉県柏市柏５,"ＪＲ常磐線/柏駅 歩10分
ＪＲ常磐線/北柏駅 歩24分
ＪＲ常磐線/南柏駅 歩45分
","
築14年
3階建
","
											2階","1. 賃料: 5.4万円
1. 管理費: 6500円
2. 賃料: 5.4万円
2. 管理費: 6500円
3. 賃料: 5.5万円
3. 管理費: 6500円
4. 賃料: 5.6万円
4. 管理費: 6500円
5. 賃料: 5.6万円
5. 管理費: 6500円
6. 賃料: 5.7万円
6. 管理費: 6500円
","1. 敷金: -
1. 礼金: -
2. 敷金: -
2. 礼金: -
3. 敷金: -
3. 礼金: -
4. 敷金: -
4. 礼金: 5.6万円
5. 敷金: -
5. 礼金: -
6. 敷金: -
6. 礼金: -
","1. 1K
1. 19.87m2
2. 1K
2. 19.87m2
3. 1K
3. 19.87m2
4. 1K
4. 19.87m2
5. 1K
5. 19.87m2
6. 1K
6. 19.87m2
"
オークヒルズ濱嶋,千葉県柏市柏３,"ＪＲ常磐線/柏駅 歩6分
東武野田線/柏駅 歩7分
None
","
築21年
8階建
","
											7階","1. 賃料: 5.7万円
1. 管理費: 8000円
2. 賃料: 5.7万円
2. 管理費: 8000円
3. 賃料: 5.8万円
3. 管理費: 8000円
","1. 敷金: 5.7万円
1. 礼金: -
2. 敷金: 5.7万円
2. 礼金: -
3. 敷金: 5.8万円
3. 礼金: -
","1. 1K
1. 21.3m2
2. 1K
2. 21.3m2
3. 1K
3. 21.3m2
"
プリエール,千葉県柏市柏６,"ＪＲ常磐線/柏駅 歩10分
つくばエクスプレス/柏の葉キャンパス駅 歩54分
つくばエクスプレス/流山おおたかの森駅 歩66分
","
築18年
3階建
","
											2階","1. 賃料: 5.8万円
1. 管理費: 2000円
","1. 敷金: -
1. 礼金: -
","1. 1K
1. 24.2m2
"
ＪＲ常磐線 柏駅 4階建 築19年,千葉県柏市あけぼの４,"ＪＲ常磐線/柏駅 歩7分
ＪＲ常磐線/北柏駅 車7分(2.4km)
東武野田線/豊四季駅 車11分(3.4km)
","
築19年
4階建
","
											3階","1. 賃料: 6.5万円
1. 管理費: 3000円
","1. 敷金: -
1. 礼金: -
","1. 1K
1. 27m2
"
ザ・ネモト,千葉県柏市旭町１,"ＪＲ常磐線/柏駅 歩4分
None
None
","
築21年
4階建
","
											4階","1. 賃料: 6.1万円
1. 管理費: 10500円
2. 賃料: 6.2万円
2. 管理費: 10500円
3. 賃料: 6.6万円
3. 管理費: 10500円
4. 賃料: 6.7万円
4. 管理費: 10500円
5. 賃料: 7.1万円
5. 管理費: 10500円
6. 賃料: 7.2万円
6. 管理費: 10500円
","1. 敷金: -
1. 礼金: 6.1万円
2. 敷金: -
2. 礼金: 6.2万円
3. 敷金: -
3. 礼金: 6.6万円
4. 敷金: -
4. 礼金: 6.7万円
5. 敷金: -
5. 礼金: 7.1万円
6. 敷金: -
6. 礼金: 7.2万円
","1. 1K
1. 21.58m2
2. 1K
2. 21.58m2
3. 1K
3. 21.58m2
4. 1K
4. 21.58m2
5. 1K
5. 21.58m2
6. 1K
6. 21.58m2
"
ＪＲ常磐線 柏駅 4階建 築12年,千葉県柏市あけぼの２,"ＪＲ常磐線/柏駅 歩15分
ＪＲ常磐線/北柏駅 歩20分
東武野田線/豊四季駅 歩51分
","
築12年
4階建
","
											2階","1. 賃料: 4.3万円
1. 管理費: 6500円
","1. 敷金: -
1. 礼金: -
","1. 1K
1. 19.87m2
"
Angel 柏,千葉県柏市あけぼの２,"ＪＲ常磐線/柏駅 歩13分
東武野田線/柏駅 歩13分
ＪＲ常磐線/北柏駅 歩18分
","
築12年
4階建
","
											3階","1. 賃料: 4.3万円
1. 管理費: 6500円
","1. 敷金: -
1. 礼金: -
","1. 1K
1. 19.87m2
"
ＪＲ常磐線 柏駅 5階建 築18年,千葉県柏市あけぼの３,"ＪＲ常磐線/柏駅 歩7分
None
None
","
築18年
5階建
","
											4階","1. 賃料: 9.2万円
1. 管理費: 8500円
2. 賃料: 9.5万円
2. 管理費: 8500円
","1. 敷金: -
1. 礼金: -
2. 敷金: -
2. 礼金: -
","1. 1LDK
1. 43.19m2
2. 2DK
2. 45.74m2
"
ＪＲ常磐線 柏駅 10階建 築18年,千葉県柏市柏６,"ＪＲ常磐線/柏駅 歩6分
ＪＲ常磐線/北柏駅 歩24分
ＪＲ常磐線/南柏駅 車14分(3.2km)
","
築18年
10階建
","
											9階","1. 賃料: 7万円
1. 管理費: 5500円
2. 賃料: 7.5万円
2. 管理費: 5500円
","1. 敷金: -
1. 礼金: 7万円
2. 敷金: -
2. 礼金: 5万円
","1. 1K
1. 30.6m2
2. 1K
2. 32.63m2
"
Ｓ－ＦＯＲＴ柏,千葉県柏市柏３,"ＪＲ常磐線/柏駅 歩6分
ＪＲ常磐線/南柏駅 歩35分
つくばエクスプレス/流山おおたかの森駅 歩60分
","
築17年
10階建
","
											3階","1. 賃料: 7.2万円
1. 管理費: 5000円
","1. 敷金: 7.2万円
1. 礼金: -
","1. 1K
1. 25.19m2
"
柏の丘,千葉県柏市柏５,"ＪＲ常磐線/柏駅 歩10分
ＪＲ常磐線/北柏駅 歩22分
ＪＲ常磐線/南柏駅 歩45分
","
築14年
3階建
","
											3階","1. 賃料: 5.4万円
1. 管理費: 6500円
2. 賃料: 5.6万円
2. 管理費: 6500円
3. 賃料: 5.6万円
3. 管理費: 6500円
","1. 敷金: -
1. 礼金: -
2. 敷金: -
2. 礼金: -
3. 敷金: -
3. 礼金: 5.6万円
","1. 1K
1. 19.87m2
2. 1K
2. 19.87m2
3. 1K
3. 19.87m2
"
ＪＲ常磐線 柏駅 8階建 築21年,千葉県柏市柏３,"ＪＲ常磐線/柏駅 歩6分
None
None
","
築21年
8階建
","
											3階","1. 賃料: 6.5万円
1. 管理費: 10500円
","1. 敷金: -
1. 礼金: 6.5万円
","1. 1K
1. 21.68m2
"
セナリオフォルム柏,千葉県柏市旭町３,"ＪＲ常磐線/柏駅 歩6分
東武野田線/豊四季駅 歩33分
ＪＲ常磐線/南柏駅 歩29分
","
築19年
4階建
","
											2階","1. 賃料: 6.6万円
1. 管理費: 3500円
","1. 敷金: -
1. 礼金: -
","1. 1K
1. 27.89m2
"
パルティールトスト,千葉県柏市柏４,"ＪＲ常磐線/柏駅 歩3分
ＪＲ常磐線/北柏駅 歩28分
東武野田線/豊四季駅 歩45分
","
築23年
7階建
","
											4階","1. 賃料: 10.8万円
1. 管理費: 10000円
","1. 敷金: -
1. 礼金: -
","1. 1LDK
1. 51.6m2
"
ＪＲ常磐線 柏駅 11階建 築21年,千葉県柏市柏２,"ＪＲ常磐線/柏駅 歩4分
東武野田線/柏駅 歩4分
ＪＲ常磐線/北柏駅 歩30分
","
築21年
11階建
","
											8階","1. 賃料: 6.6万円
1. 管理費: 7000円
2. 賃料: 6.9万円
2. 管理費: 7000円
","1. 敷金: 6.6万円
1. 礼金: -
2. 敷金: 6.9万円
2. 礼金: -
","1. 1K
1. 25.95m2
2. 1K
2. 25.95m2
"
ＪＲ常磐線 柏駅 4階建 築21年,千葉県柏市旭町１,"ＪＲ常磐線/柏駅 歩3分
ＪＲ常磐線/北柏駅 歩33分
東武野田線/新柏駅 歩45分
","
築21年
4階建
","
											4階","1. 賃料: 6.1万円
1. 管理費: 10500円
2. 賃料: 6.2万円
2. 管理費: 10500円
3. 賃料: 6.6万円
3. 管理費: 10500円
4. 賃料: 6.7万円
4. 管理費: 10500円
5. 賃料: 7.1万円
5. 管理費: 10500円
6. 賃料: 7.2万円
6. 管理費: 10500円
","1. 敷金: -
1. 礼金: 6.1万円
2. 敷金: -
2. 礼金: 6.2万円
3. 敷金: -
3. 礼金: 6.6万円
4. 敷金: -
4. 礼金: 6.7万円
5. 敷金: -
5. 礼金: 7.1万円
6. 敷金: -
6. 礼金: 7.2万円
","1. 1K
1. 21.58m2
2. 1K
2. 21.58m2
3. 1K
3. 21.58m2
4. 1K
4. 21.58m2
5. 1K
5. 21.58m2
6. 1K
6. 21.58m2
"
ＪＲ常磐線 柏駅 6階建 築20年,千葉県柏市柏３,"ＪＲ常磐線/柏駅 歩5分
東武野田線/柏駅 歩5分
ＪＲ常磐線/北柏駅 歩30分
","
築20年
6階建
","
											5階","1. 賃料: 7.2万円
1. 管理費: 5000円
","1. 敷金: 7.2万円
1. 礼金: -
","1. 1K
1. 34.04m2
"
柏808タワー,千葉県柏市柏３,"ＪＲ常磐線/柏駅 歩6分
東武野田線/柏駅 歩6分
ＪＲ常磐線/南柏駅 歩58分
","
築16年
10階建
","
											3階","1. 賃料: 7.4万円
1. 管理費: 6000円
2. 賃料: 7.4万円
2. 管理費: 6000円
3. 賃料: 7.4万円
3. 管理費: 6000円
","1. 敷金: -
1. 礼金: -
2. 敷金: -
2. 礼金: -
3. 敷金: -
3. 礼金: -
","1. 1K
1. 25.06m2
2. 1K
2. 25.76m2
3. 1K
3. 25.06m2
"
プレザントハウス,千葉県柏市あけぼの２,"ＪＲ常磐線/柏駅 歩10分
東武野田線/柏駅 歩10分
つくばエクスプレス/柏の葉キャンパス駅 バス20分 (バス停)柏駅西口 歩10分
","
築15年
2階建
","
											2階","1. 賃料: 5.7万円
1. 管理費: 3000円
","1. 敷金: 5.7万円
1. 礼金: 2.85万円
","1. 1K
1. 26.19m2
"
レオパレスあけぼの,千葉県柏市あけぼの１,"ＪＲ常磐線/柏駅 歩8分
None
None
","
築15年
4階建
","
											2階","1. 賃料: 5.6万円
1. 管理費: 6500円
2. 賃料: 5.8万円
2. 管理費: 6500円
","1. 敷金: -
1. 礼金: -
2. 敷金: -
2. 礼金: -
","1. 1K
1. 19.87m2
2. 1K
2. 19.87m2
"
ＪＲ常磐線 柏駅 3階建 築18年,千葉県柏市柏６,"ＪＲ常磐線/柏駅 歩8分
None
None
","
築18年
3階建
","
											1階","1. 賃料: 5.8万円
1. 管理費: 2000円
","1. 敷金: -
1. 礼金: -
","1. 1K
1. 26.03m2
"
ＳＴ．ＰＡＬＥＴＴＥ５７＋,千葉県柏市柏３,"ＪＲ常磐線/柏駅 歩6分
ＪＲ常磐線/北柏駅 歩29分
None
","
築15年
8階建
","
											5階","1. 賃料: 6.6万円
1. 管理費: 5000円
2. 賃料: 11.4万円
2. 管理費: 8000円
3. 賃料: 11.5万円
3. 管理費: 8000円
4. 賃料: 11.5万円
4. 管理費: 8000円
","1. 敷金: -
1. 礼金: -
2. 敷金: -
2. 礼金: -
3. 敷金: -
3. 礼金: -
4. 敷金: -
4. 礼金: -
","1. 1K
1. 29.7m2
2. 2LDK
2. 60.3m2
3. 2LDK
3. 60.3m2
4. 2LDK
4. 60.3m2
"
ＪＲ常磐線 柏駅 7階建 築19年,千葉県柏市柏３,"ＪＲ常磐線/柏駅 歩5分
東武野田線/柏駅 歩5分
ＪＲ常磐線/北柏駅 歩32分
","
築19年
7階建
","
											3階","1. 賃料: 6.4万円
1. 管理費: 6000円
","1. 敷金: 6.4万円
1. 礼金: -
","1. 1K
1. 27.98m2
"
ＪＲ常磐線 柏駅 3階建 築14年,千葉県柏市柏６,"ＪＲ常磐線/柏駅 歩9分
ＪＲ常磐線/柏駅 歩9分
東武野田線/柏駅 歩9分
","
築14年
3階建
","
											2階","1. 賃料: 6.1万円
1. 管理費: 3000円
","1. 敷金: -
1. 礼金: -
","1. 1K
1. 25.33m2
"
レオパレスＨＩＲＯ,千葉県柏市旭町２,"ＪＲ常磐線/柏駅 歩8分
None
None
","
築14年
4階建
","
											2階","1. 賃料: 4.9万円
1. 管理費: 6500円
","1. 敷金: -
1. 礼金: -
","1. 1K
1. 19.87m2
"
ＪＲ常磐線 柏駅 6階建 築15年,千葉県柏市柏３,"ＪＲ常磐線/柏駅 歩5分
ＪＲ常磐線/北柏駅 車10分(3.1km)
ＪＲ常磐線/南柏駅 車12分(3.0km)
","
築15年
6階建
","
											2階","1. 賃料: 6.6万円
1. 管理費: 6000円
","1. 敷金: -
1. 礼金: 6.6万円
","1. 1DK
1. 29.49m2
"
ＪＲ常磐線 柏駅 2階建 築4年,千葉県柏市柏,"ＪＲ常磐線/柏駅 歩20分
東武野田線/柏駅 歩20分
ＪＲ常磐線/北柏駅 歩13分
","
築4年
2階建
","
											1階","1. 賃料: 3.9万円
1. 管理費: 5000円
","1. 敷金: -
1. 礼金: -
","1. 1K
1. 20.01m2
"
ＪＲ常磐線 柏駅 4階建 築15年,千葉県柏市あけぼの１,"ＪＲ常磐線/柏駅 歩8分
ＪＲ常磐線/北柏駅 歩28分
ＪＲ常磐線/南柏駅 車13分(3.4km)
","
築15年
4階建
","
											2階","1. 賃料: 5.6万円
1. 管理費: 6500円
2. 賃料: 5.6万円
2. 管理費: 6500円
3. 賃料: 5.8万円
3. 管理費: 6500円
4. 賃料: 5.8万円
4. 管理費: 6500円
","1. 敷金: -
1. 礼金: 5.6万円
2. 敷金: -
2. 礼金: 5.6万円
3. 敷金: -
3. 礼金: -
4. 敷金: -
4. 礼金: -
","1. 1K
1. 19.87m2
2. 1K
2. 19.87m2
3. 1K
3. 19.87m2
4. 1K
4. 19.87m2
"
ＪＲ常磐線 柏駅 2階建 築8年,千葉県柏市旭町５,"ＪＲ常磐線/柏駅 歩15分
ＪＲ常磐線/南柏駅 歩24分
東武野田線/新柏駅 車15分(3.9km)
","
築8年
2階建
","
											1階","1. 賃料: 5.8万円
1. 管理費: 4500円
","1. 敷金: -
1. 礼金: 2.9万円
","1. ワンルーム
1. 26.82m2
"
フェリーチェ柏,千葉県柏市旭町２,"ＪＲ常磐線/柏駅 歩7分
ＪＲ常磐線/南柏駅 歩27分
None
","
築16年
3階建
","
											3階","1. 賃料: 5.9万円
1. 管理費: 3500円
","1. 敷金: -
1. 礼金: -
","1. 1K
1. 25.73m2
"
レオパレスエムズ柏,千葉県柏市旭町２,"ＪＲ常磐線/柏駅 歩8分
None
None
","
築14年
4階建
","
											3階","1. 賃料: 5.9万円
1. 管理費: 6500円
","1. 敷金: -
1. 礼金: -
","1. 1K
1. 19.87m2
"
アルシェ柏,千葉県柏市柏２,"ＪＲ常磐線/柏駅 歩3分
None
None
","
築21年
11階建
","
											8階","1. 賃料: 6.9万円
1. 管理費: 7000円
","1. 敷金: 6.9万円
1. 礼金: -
","1. 1K
1. 25.95m2
"
クレール柏,千葉県柏市柏３,"ＪＲ常磐線/柏駅 歩5分
ＪＲ常磐線/南柏駅 歩34分
つくばエクスプレス/流山おおたかの森駅 歩60分
","
築15年
6階建
","
											2階","1. 賃料: 6.6万円
1. 管理費: 6000円
","1. 敷金: -
1. 礼金: 6.6万円
","1. 1DK
1. 29.49m2
"
ＪＲ常磐線 柏駅 10階建 築16年,千葉県柏市柏３,"ＪＲ常磐線/柏駅 歩6分
ＪＲ常磐線/柏駅 歩6分
東武野田線/柏駅 歩6分
","
築16年
10階建
","
											2階","1. 賃料: 7.4万円
1. 管理費: 6000円
2. 賃料: 7.4万円
2. 管理費: 6000円
","1. 敷金: -
1. 礼金: -
2. 敷金: -
2. 礼金: -
","1. 1K
1. 25.06m2
2. 1K
2. 25.06m2
"
ＪＲ常磐線 柏駅 4階建 築14年,千葉県柏市旭町２,"ＪＲ常磐線/柏駅 歩8分
None
None
","
築14年
4階建
","
											2階","1. 賃料: 4.9万円
1. 管理費: 6500円
","1. 敷金: -
1. 礼金: -
","1. 1K
1. 19.87m2
"
ＪＲ常磐線 柏駅 4階建 築14年,千葉県柏市旭町２,"ＪＲ常磐線/柏駅 歩8分
ＪＲ常磐線/南柏駅 歩29分
東武野田線/新柏駅 歩40分
","
築14年
4階建
","
											3階","1. 賃料: 5.9万円
1. 管理費: 6500円
","1. 敷金: -
1. 礼金: 2.95万円
","1. 1K
1. 19.87m2
"
エスペランサＭ,千葉県柏市柏,"ＪＲ常磐線/柏駅 歩6分
つくばエクスプレス/柏の葉キャンパス駅 バス20分 (バス停)西口駅前 歩6分
ＪＲ常磐線/南柏駅 バス12分 (バス停)柏駅 歩6分
","
築18年
10階建
","
											9階","1. 賃料: 7.5万円
1. 管理費: 5500円
","1. 敷金: -
1. 礼金: 5万円
","1. 1K
1. 32.63m2
"
Ｓｕｎｓｈｉｎｅ Ｈｉｌｌｓ,千葉県柏市旭町１,"ＪＲ常磐線/柏駅 歩3分
東武野田線/柏駅 歩3分
None
","
築17年
7階建
","
											4階","1. 賃料: 7.35万円
1. 管理費: 6500円
","1. 敷金: -
1. 礼金: 7.35万円
","1. 1K
1. 28.25m2
"
柏808タワー,千葉県柏市柏,"ＪＲ常磐線/柏駅 歩5分
ＪＲ常磐線/北柏駅 歩25分
つくばエクスプレス/柏の葉キャンパス駅 バス20分 (バス停)柏駅西口 歩6分
","
築16年
10階建
","
											5階","1. 賃料: 7.4万円
1. 管理費: 6000円
2. 賃料: 7.4万円
2. 管理費: 6000円
","1. 敷金: -
1. 礼金: -
2. 敷金: -
2. 礼金: -
","1. 1K
1. 25.06m2
2. 1K
2. 25.06m2
"
レオネクストティエラ,千葉県柏市旭町５,"ＪＲ常磐線/柏駅 歩15分
ＪＲ常磐線/南柏駅 歩24分
東武野田線/新柏駅 歩37分
","
築8年
2階建
","
											1階","1. 賃料: 5.8万円
1. 管理費: 4500円
","1. 敷金: -
1. 礼金: -
","1. ワンルーム
1. 26.82m2
"
セナリオフォルム柏VII,千葉県柏市柏５,"ＪＲ常磐線/柏駅 歩10分
ＪＲ常磐線/北柏駅 歩23分
ＪＲ常磐線/南柏駅 歩45分
","
築11年
4階建
","
											1階","1. 賃料: 6万円
1. 管理費: 5000円
","1. 敷金: 6万円
1. 礼金: -
","1. 1K
1. 25.2m2
"
ＪＲ常磐線 柏駅 7階建 築17年,千葉県柏市旭町１,"ＪＲ常磐線/柏駅 歩3分
つくばエクスプレス/流山おおたかの森駅 車14分(4.0km)
東武野田線/柏駅 歩3分
","
築17年
7階建
","
											4階","1. 賃料: 7.35万円
1. 管理費: 6500円
","1. 敷金: -
1. 礼金: 7.35万円
","1. 1K
1. 28.25m2
"
レジデンシャルスター柏,千葉県柏市あけぼの４,"ＪＲ常磐線/柏駅 歩4分
東武野田線/柏駅 歩4分
None
","
築15年
7階建
","
											7階","1. 賃料: 9万円
1. 管理費: 5000円
","1. 敷金: 9万円
1. 礼金: 9万円
","1. 1LDK
1. 34.37m2
"
かじかわ,千葉県柏市あけぼの１,"ＪＲ常磐線/柏駅 歩4分
ＪＲ常磐線/南柏駅 歩38分
つくばエクスプレス/流山おおたかの森駅 歩58分
","
築18年
5階建
","
											4階","1. 賃料: 6.9万円
1. 管理費: 6000円
2. 賃料: 7.1万円
2. 管理費: 6000円
","1. 敷金: -
1. 礼金: 6.9万円
2. 敷金: -
2. 礼金: 7.1万円
","1. ワンルーム
1. 28.17m2
2. ワンルーム
2. 28.17m2
"
ＪＲ常磐線 柏駅 2階建 築5年,千葉県柏市旭町７,"ＪＲ常磐線/柏駅 歩15分
ＪＲ常磐線/南柏駅 歩27分
東武野田線/豊四季駅 歩27分
","
築5年
2階建
","
											1階","1. 賃料: 5.7万円
1. 管理費: 3000円
","1. 敷金: -
1. 礼金: -
","1. ワンルーム
1. 20.36m2
"
ＪＲ常磐線 柏駅 4階建 築11年,千葉県柏市柏５,"ＪＲ常磐線/柏駅 歩10分
東武野田線/柏駅 歩10分
ＪＲ常磐線/北柏駅 歩22分
","
築11年
4階建
","
											1階","1. 賃料: 6万円
1. 管理費: 5000円
","1. 敷金: 6万円
1. 礼金: -
","1. 1K
1. 25.2m2
"
GRANDTIC柏,千葉県柏市旭町５,"ＪＲ常磐線/柏駅 歩15分
ＪＲ常磐線/南柏駅 歩19分
None
","
築7年
2階建
","
											2階","1. 賃料: 7.2万円
1. 管理費: 3000円
","1. 敷金: -
1. 礼金: 7.2万円
","1. 1LDK
1. 30.68m2
"
ＪＲ常磐線 柏駅 2階建 築7年,千葉県柏市旭町５,"ＪＲ常磐線/柏駅 歩15分
ＪＲ常磐線/南柏駅 歩21分
None
","
築7年
2階建
","
											2階","1. 賃料: 7.2万円
1. 管理費: 3000円
","1. 敷金: -
1. 礼金: 7.2万円
","1. 1LDK
1. 30.68m2
"
リブリ・フェリス　エム,千葉県柏市あけぼの３,"ＪＲ常磐線/柏駅 歩13分
ＪＲ常磐線/北柏駅 歩26分
東武野田線/豊四季駅 歩44分
","
築4年
2階建
","
											1階","1. 賃料: 5.8万円
1. 管理費: 4000円
","1. 敷金: -
1. 礼金: 2.9万円
","1. 1K
1. 26.08m2
"
ＪＲ常磐線 柏駅 11階建 築11年,千葉県柏市柏２,"ＪＲ常磐線/柏駅 歩4分
ＪＲ常磐線/柏駅 歩4分
東武野田線/柏駅 歩4分
","
築11年
11階建
","
											3階","1. 賃料: 7.6万円
1. 管理費: 4000円
2. 賃料: 7.8万円
2. 管理費: 4000円
3. 賃料: 10.9万円
3. 管理費: 6000円
","1. 敷金: 7.6万円
1. 礼金: 7.6万円
2. 敷金: 7.8万円
2. 礼金: 7.8万円
3. 敷金: 10.9万円
3. 礼金: 10.9万円
","1. 1K
1. 25.77m2
2. 1K
2. 25.77m2
3. 1LDK
3. 43.61m2
"
ＪＲ常磐線 柏駅 2階建 築5年,千葉県柏市旭町４,"ＪＲ常磐線/柏駅 歩12分
ＪＲ常磐線/柏駅 歩12分
東武野田線/柏駅 歩12分
","
築5年
2階建
","
											1階","1. 賃料: 6万円
1. 管理費: 2000円
2. 賃料: 6万円
2. 管理費: 2000円
","1. 敷金: -
1. 礼金: 6万円
2. 敷金: -
2. 礼金: 6万円
","1. 1K
1. 26.49m2
2. 1K
2. 26.49m2
"
フラット柏,千葉県柏市あけぼの５,"ＪＲ常磐線/柏駅 歩11分
ＪＲ常磐線/北柏駅 車9分(2.4km)
つくばエクスプレス/柏の葉キャンパス駅 車14分(4.0km)
","
築6年
3階建
","
											1階","1. 賃料: 6.2万円
1. 管理費: 3000円
","1. 敷金: -
1. 礼金: 6.2万円
","1. 1K
1. 26.7m2
"
プリマベーラ,千葉県柏市あけぼの２,"ＪＲ常磐線/柏駅 歩6分
東武野田線/柏駅 歩6分
ＪＲ常磐線/北柏駅 歩25分
","
築14年
2階建
","
											1階","1. 賃料: 9万円
1. 管理費: 4000円
","1. 敷金: 9万円
1. 礼金: -
","1. 1LDK
1. 41.58m2
"
パンタシア,千葉県柏市旭町２,"ＪＲ常磐線/柏駅 歩3分
東武野田線/柏駅 歩3分
None
","
築12年
2階建
","
											1-2階","1. 賃料: 8.8万円
1. 管理費: 3000円
","1. 敷金: 17.6万円
1. 礼金: 8.8万円
","1. 2DK
1. 49.68m2
"
ザ・カシワ拾番,千葉県柏市柏２,"ＪＲ常磐線/柏駅 歩4分
ＪＲ常磐線/北柏駅 歩30分
東武野田線/新柏駅 バス19分 (バス停)柏神社 歩1分
","
築11年
11階建
","
											3階","1. 賃料: 7.6万円
1. 管理費: 4000円
2. 賃料: 7.8万円
2. 管理費: 4000円
3. 賃料: 10.9万円
3. 管理費: 6000円
","1. 敷金: 7.6万円
1. 礼金: 7.6万円
2. 敷金: 7.8万円
2. 礼金: 7.8万円
3. 敷金: 10.9万円
3. 礼金: 10.9万円
","1. 1K
1. 25.77m2
2. 1K
2. 25.77m2
3. 1LDK
3. 43.61m2
"
ライゼストフロレスタ,千葉県柏市旭町７,"ＪＲ常磐線/柏駅 歩15分
ＪＲ常磐線/南柏駅 歩28分
東武野田線/豊四季駅 歩28分
","
築5年
2階建
","
											1階","1. 賃料: 5.7万円
1. 管理費: 3000円
","1. 敷金: -
1. 礼金: -
","1. ワンルーム
1. 20.36m2
"
アステールピュールＳ,千葉県柏市柏５,"ＪＲ常磐線/柏駅 歩11分
つくばエクスプレス/流山おおたかの森駅 歩70分
東武野田線/豊四季駅 歩50分
","
築6年
2階建
","
											1階","1. 賃料: 7.9万円
1. 管理費: 3500円
","1. 敷金: -
1. 礼金: 7.9万円
","1. ワンルーム
1. 30.73m2
"
ミルーナヒルズ柏,千葉県柏市あけぼの２,"ＪＲ常磐線/柏駅 歩12分
ＪＲ常磐線/北柏駅 歩21分
ＪＲ常磐線/我孫子駅 車10分(4.2km)
","
築3年
7階建
","
											6階","1. 賃料: 11.6万円
1. 管理費: 10000円
","1. 敷金: 11.6万円
1. 礼金: 11.6万円
","1. 1LDK
1. 40.54m2
"
ヴィラトレイユ,千葉県柏市旭町４,"ＪＲ常磐線/柏駅 歩12分
ＪＲ常磐線/柏駅 歩12分
東武野田線/柏駅 歩12分
","
築5年
2階建
","
											2階","1. 賃料: 5.8万円
1. 管理費: 2000円
2. 賃料: 6万円
2. 管理費: 2000円
","1. 敷金: -
1. 礼金: 5.8万円
2. 敷金: -
2. 礼金: 6万円
","1. 1K
1. 26.49m2
2. 1K
2. 26.49m2
"
ＪＲ常磐線 柏駅 2階建 築4年,千葉県柏市あけぼの３,"ＪＲ常磐線/柏駅 歩13分
ＪＲ常磐線/北柏駅 歩26分
東武野田線/豊四季駅 歩30分
","
築4年
2階建
","
											1階","1. 賃料: 5.8万円
1. 管理費: 4000円
","1. 敷金: -
1. 礼金: 2.9万円
","1. 1K
1. 26.06m2
"
プロシード柏トロワ,千葉県柏市柏３,"ＪＲ常磐線/柏駅 歩5分
東武野田線/柏駅 歩5分
ＪＲ常磐線/北柏駅 歩30分
","
築13年
7階建
","
											3階","1. 賃料: 7.4万円
1. 管理費: 7000円
","1. 敷金: 7.4万円
1. 礼金: 7.4万円
","1. 1K
1. 28m2
"
ＪＲ常磐線 柏駅 3階建 築6年,千葉県柏市あけぼの５,"ＪＲ常磐線/柏駅 歩11分
ＪＲ常磐線/北柏駅 歩28分
つくばエクスプレス/柏の葉キャンパス駅 車10分(4.0km)
","
築6年
3階建
","
											1階","1. 賃料: 6.2万円
1. 管理費: 3000円
","1. 敷金: -
1. 礼金: 6.2万円
","1. 1K
1. 26.7m2
"
ＪＲ常磐線 柏駅 7階建 築3年,千葉県柏市あけぼの２,"ＪＲ常磐線/柏駅 歩12分
ＪＲ常磐線/北柏駅 歩22分
ＪＲ常磐線/我孫子駅 車10分(4.2km)
","
築3年
7階建
","
											6階","1. 賃料: 11.6万円
1. 管理費: 10000円
","1. 敷金: 11.6万円
1. 礼金: 11.6万円
","1. 1LDK
1. 40.54m2
"
グリュック柏,千葉県柏市あけぼの３,"ＪＲ常磐線/柏駅 歩13分
東武野田線/柏駅 歩12分
None
","
築4年
2階建
","
											1階","1. 賃料: 7.8万円
1. 管理費: 3000円
","1. 敷金: -
1. 礼金: 7.8万円
","1. 1LDK
1. 38.87m2
"
ラ・ソレイユ,千葉県柏市柏３,"ＪＲ常磐線/柏駅 歩5分
東武野田線/柏駅 歩5分
ＪＲ常磐線/北柏駅 歩30分
","
築12年
7階建
","
											3階","1. 賃料: 7.5万円
1. 管理費: 7000円
","1. 敷金: 7.5万円
1. 礼金: 7.5万円
","1. 1K
1. 29.25m2
"
mar azul(マール　アスール）,千葉県柏市あけぼの４,"ＪＲ常磐線/柏駅 歩7分
東武野田線/豊四季駅 歩43分
ＪＲ常磐線/北柏駅 歩30分
","
築7年
2階建
","
											2階","1. 賃料: 6.1万円
1. 管理費: 3000円
","1. 敷金: 6.1万円
1. 礼金: -
","1. 1DK
1. 24.76m2
"
ＪＲ常磐線 柏駅 8階建 築9年,千葉県柏市柏３,"ＪＲ常磐線/柏駅 歩6分
ＪＲ常磐線/北柏駅 歩27分
東武野田線/新柏駅 車16分(3.9km)
","
築9年
8階建
","
											8階","1. 賃料: 12.9万円
1. 管理費: 5000円
2. 賃料: 15万円
2. 管理費: 5000円
3. 賃料: 16万円
3. 管理費: 5000円
","1. 敷金: 12.9万円
1. 礼金: 12.9万円
2. 敷金: 15万円
2. 礼金: 15万円
3. 敷金: 16万円
3. 礼金: 16万円
","1. 1LDK
1. 44.51m2
2. 1LDK
2. 44.45m2
3. 1LDK
3. 44.45m2
"
リブリ・Plumeria柏,千葉県柏市旭町３,"ＪＲ常磐線/柏駅 歩7分
東武野田線/豊四季駅 車7分(2.6km)
ＪＲ常磐線/南柏駅 車8分(2.8km)
","
築7年
3階建
","
											2階","1. 賃料: 6万円
1. 管理費: 4000円
","1. 敷金: -
1. 礼金: 4.5万円
","1. 1K
1. 22.35m2
"
ＪＲ常磐線 柏駅 4階建 築10年,千葉県柏市柏５,"ＪＲ常磐線/柏駅 歩8分
ＪＲ常磐線/北柏駅 歩25分
None
","
築10年
4階建
","
											2階","1. 賃料: 8.7万円
1. 管理費: 5000円
2. 賃料: 8.8万円
2. 管理費: 5000円
","1. 敷金: 8.7万円
1. 礼金: -
2. 敷金: 8.8万円
2. 礼金: -
","1. 1LDK
1. 31.39m2
2. 1LDK
2. 31.39m2
"
アーク柏レジデンス,千葉県柏市柏３,"ＪＲ常磐線/柏駅 歩6分
東武野田線/柏駅 歩6分
つくばエクスプレス/柏の葉キャンパス駅 バス20分 (バス停)柏駅西口 歩7分
","
築9年
8階建
","
											8階","1. 賃料: 12.9万円
1. 管理費: 5000円
2. 賃料: 15万円
2. 管理費: 5000円
3. 賃料: 16万円
3. 管理費: 5000円
","1. 敷金: 12.9万円
1. 礼金: 12.9万円
2. 敷金: 15万円
2. 礼金: 15万円
3. 敷金: 16万円
3. 礼金: 16万円
","1. 1LDK
1. 44.51m2
2. 1LDK
2. 44.45m2
3. 2LDK
3. 44.45m2
"
ミルーナヒルズ柏,千葉県柏市あけぼの４,"ＪＲ常磐線/柏駅 歩12分
ＪＲ常磐線/北柏駅 歩34分
東武野田線/豊四季駅 歩40分
","
築3年
7階建
","
											6階","1. 賃料: 11.6万円
1. 管理費: 10000円
","1. 敷金: 11.6万円
1. 礼金: 11.6万円
","1. 1LDK
1. 40.54m2
"
Ｇｌｕｃｋ　ＫＡＳＨＩＷＡ,千葉県柏市あけぼの３,"ＪＲ常磐線/柏駅 歩11分
ＪＲ常磐線/北柏駅 歩21分
ＪＲ常磐線/南柏駅 歩42分
","
築4年
2階建
","
											1階","1. 賃料: 7.8万円
1. 管理費: 3000円
","1. 敷金: -
1. 礼金: 7.8万円
","1. 1LDK
1. 38.87m2
"
コンフォルト,千葉県柏市あけぼの４,"ＪＲ常磐線/柏駅 歩7分
ＪＲ常磐線/北柏駅 車6分(2.2km)
東武野田線/豊四季駅 車14分(3.3km)
","
築6年
2階建
","
											2階","1. 賃料: 6.8万円
1. 管理費: -
2. 賃料: 6.8万円
2. 管理費: -
3. 賃料: 6.9万円
3. 管理費: -
4. 賃料: 7万円
4. 管理費: -
5. 賃料: 6.8万円
5. 管理費: 3000円
6. 賃料: 6.9万円
6. 管理費: 3000円
","1. 敷金: -
1. 礼金: -
2. 敷金: -
2. 礼金: -
3. 敷金: -
3. 礼金: -
4. 敷金: -
4. 礼金: -
5. 敷金: 6.8万円
5. 礼金: 6.8万円
6. 敷金: -
6. 礼金: -
","1. 1DK
1. 28.98m2
2. 1DK
2. 28.98m2
3. 1DK
3. 26.91m2
4. 1DK
4. 26.91m2
5. ワンルーム
5. 26.91m2
6. 1DK
6. 26.91m2
"
ＪＲ常磐線 柏駅 6階建 築8年,千葉県柏市柏３,"ＪＲ常磐線/柏駅 歩5分
ＪＲ常磐線/北柏駅 歩30分
東武野田線/新柏駅 歩39分
","
築8年
6階建
","
											5階","1. 賃料: 7万円
1. 管理費: 4000円
2. 賃料: 7.1万円
2. 管理費: 4000円
","1. 敷金: -
1. 礼金: 7万円
2. 敷金: -
2. 礼金: 7.1万円
","1. 1K
1. 26.46m2
2. 1K
2. 26.46m2
"
ＪＲ常磐線 柏駅 2階建 築7年,千葉県柏市あけぼの４,"ＪＲ常磐線/柏駅 歩7分
東武野田線/柏駅 歩7分
ＪＲ常磐線/北柏駅 歩30分
","
築7年
2階建
","
											2階","1. 賃料: 6.1万円
1. 管理費: 3000円
","1. 敷金: 6.1万円
1. 礼金: -
","1. 1DK
1. 24.76m2
"
リブリ・サンモール柏,千葉県柏市あけぼの２,"ＪＲ常磐線/柏駅 歩7分
ＪＲ常磐線/北柏駅 歩25分
ＪＲ常磐線/南柏駅 歩32分
","
築6年
3階建
","
											1階","1. 賃料: 6.3万円
1. 管理費: 4000円
","1. 敷金: -
1. 礼金: 6.3万円
","1. 1K
1. 26.08m2
"
ルミエール柏,千葉県柏市柏,"ＪＲ常磐線/北柏駅 歩12分
ＪＲ常磐線/柏駅 歩27分
ＪＲ常磐線/我孫子駅 歩42分
","
築4年
2階建
","
											1階","1. 賃料: 3.9万円
1. 管理費: 5000円
","1. 敷金: -
1. 礼金: -
","1. 1K
1. 20.01m2
"
Ｒｏｏｍ328,千葉県柏市柏５,"ＪＲ常磐線/柏駅 歩5分
東武野田線/柏駅 歩5分
ＪＲ常磐線/北柏駅 歩25分
","
築10年
4階建
","
											2階","1. 賃料: 8.7万円
1. 管理費: 5000円
2. 賃料: 8.8万円
2. 管理費: 5000円
","1. 敷金: 8.7万円
1. 礼金: -
2. 敷金: 8.8万円
2. 礼金: -
","1. 1LDK
1. 31.39m2
2. 1LDK
2. 31.39m2
"
ＪＲ常磐線 柏駅 3階建 築7年,千葉県柏市旭町３,"ＪＲ常磐線/柏駅 歩7分
None
None
","
築7年
3階建
","
											2階","1. 賃料: 6万円
1. 管理費: 4000円
","1. 敷金: -
1. 礼金: 4.5万円
","1. 1K
1. 22.35m2
"
ＪＲ常磐線 柏駅 4階建 新築,千葉県柏市旭町２,"ＪＲ常磐線/柏駅 歩13分
ＪＲ常磐線/南柏駅 歩23分
None
","
新築
4階建
","
											3階","1. 賃料: 7.3万円
1. 管理費: 4000円
2. 賃料: 7.3万円
2. 管理費: 4000円
3. 賃料: 7.4万円
3. 管理費: 4000円
4. 賃料: 7.4万円
4. 管理費: 4000円
5. 賃料: 7.4万円
5. 管理費: 4000円
6. 賃料: 7.4万円
6. 管理費: 4000円
7. 賃料: 7.5万円
7. 管理費: 4000円
8. 賃料: 7.5万円
8. 管理費: 4000円
9. 賃料: 7.6万円
9. 管理費: 4000円
10. 賃料: 7.6万円
10. 管理費: 4000円
11. 賃料: 7.6万円
11. 管理費: 4000円
12. 賃料: 7.7万円
12. 管理費: 4000円
13. 賃料: 7.7万円
13. 管理費: 4000円
14. 賃料: 7.8万円
14. 管理費: 4000円
15. 賃料: 7.8万円
15. 管理費: 4000円
16. 賃料: 7.9万円
16. 管理費: 4000円
17. 賃料: 7.9万円
17. 管理費: 4000円
18. 賃料: 8万円
18. 管理費: 4000円
19. 賃料: 8万円
19. 管理費: 4000円
20. 賃料: 8万円
20. 管理費: 4000円
21. 賃料: 8.1万円
21. 管理費: 4000円
22. 賃料: 8.1万円
22. 管理費: 4000円
23. 賃料: 8.2万円
23. 管理費: 4000円
24. 賃料: 8.2万円
24. 管理費: 4000円
25. 賃料: 8.2万円
25. 管理費: 4000円
26. 賃料: 8.2万円
26. 管理費: 4000円
","1. 敷金: 7.3万円
1. 礼金: 7.3万円
2. 敷金: 7.3万円
2. 礼金: 7.3万円
3. 敷金: 7.4万円
3. 礼金: 7.4万円
4. 敷金: 7.4万円
4. 礼金: 7.4万円
5. 敷金: 7.4万円
5. 礼金: 7.4万円
6. 敷金: 7.4万円
6. 礼金: 7.4万円
7. 敷金: 7.5万円
7. 礼金: 7.5万円
8. 敷金: 7.5万円
8. 礼金: 7.5万円
9. 敷金: 7.6万円
9. 礼金: 7.6万円
10. 敷金: 7.6万円
10. 礼金: 7.6万円
11. 敷金: 7.6万円
11. 礼金: 7.6万円
12. 敷金: 7.7万円
12. 礼金: 7.7万円
13. 敷金: 7.7万円
13. 礼金: 7.7万円
14. 敷金: 7.8万円
14. 礼金: 7.8万円
15. 敷金: 7.8万円
15. 礼金: 7.8万円
16. 敷金: 7.9万円
16. 礼金: 7.9万円
17. 敷金: 7.9万円
17. 礼金: 7.9万円
18. 敷金: 8万円
18. 礼金: 8万円
19. 敷金: 8万円
19. 礼金: 8万円
20. 敷金: 8万円
20. 礼金: 8万円
21. 敷金: 8.1万円
21. 礼金: 8.1万円
22. 敷金: 8.1万円
22. 礼金: 8.1万円
23. 敷金: 8.2万円
23. 礼金: 8.2万円
24. 敷金: 8.2万円
24. 礼金: 8.2万円
25. 敷金: 8.2万円
25. 礼金: 8.2万円
26. 敷金: 8.2万円
26. 礼金: 8.2万円
","1. 1LDK
1. 30.28m2
2. 1LDK
2. 27.73m2
3. 1LDK
3. 30.11m2
4. 1LDK
4. 30.11m2
5. 1LDK
5. 27.73m2
6. 1LDK
6. 27.42m2
7. 1LDK
7. 27.73m2
8. 1LDK
8. 27.42m2
9. 1LDK
9. 30.11m2
10. 1LDK
10. 30.11m2
11. 1LDK
11. 27.42m2
12. 1LDK
12. 30.11m2
13. 1LDK
13. 30.11m2
14. 1LDK
14. 30.11m2
15. 1LDK
15. 30.11m2
16. 1LDK
16. 33.91m2
17. 1LDK
17. 32.6m2
18. 1LDK
18. 33.91m2
19. 1LDK
19. 32.6m2
20. 1LDK
20. 31.9m2
21. 1LDK
21. 33.91m2
22. 1LDK
22. 32.6m2
23. 1LDK
23. 33.91m2
24. 1LDK
24. 32.6m2
25. 1LDK
25. 31.9m2
26. 1LDK
26. 31.9m2
"
アルカンシエル柏,千葉県柏市旭町２,"ＪＲ常磐線/柏駅 歩13分
ＪＲ常磐線/南柏駅 歩23分
None
","
新築
4階建
","
											3階","1. 賃料: 7.3万円
1. 管理費: 4000円
2. 賃料: 7.3万円
2. 管理費: 4000円
3. 賃料: 7.4万円
3. 管理費: 4000円
4. 賃料: 7.4万円
4. 管理費: 4000円
5. 賃料: 7.4万円
5. 管理費: 4000円
6. 賃料: 7.4万円
6. 管理費: 4000円
7. 賃料: 7.5万円
7. 管理費: 4000円
8. 賃料: 7.5万円
8. 管理費: 4000円
9. 賃料: 7.6万円
9. 管理費: 4000円
10. 賃料: 7.6万円
10. 管理費: 4000円
11. 賃料: 7.6万円
11. 管理費: 4000円
12. 賃料: 7.7万円
12. 管理費: 4000円
13. 賃料: 7.7万円
13. 管理費: 4000円
14. 賃料: 7.8万円
14. 管理費: 4000円
15. 賃料: 7.8万円
15. 管理費: 4000円
16. 賃料: 7.9万円
16. 管理費: 4000円
17. 賃料: 7.9万円
17. 管理費: 4000円
18. 賃料: 8万円
18. 管理費: 4000円
19. 賃料: 8万円
19. 管理費: 4000円
20. 賃料: 8万円
20. 管理費: 4000円
21. 賃料: 8.1万円
21. 管理費: 4000円
22. 賃料: 8.1万円
22. 管理費: 4000円
23. 賃料: 8.2万円
23. 管理費: 4000円
24. 賃料: 8.2万円
24. 管理費: 4000円
25. 賃料: 8.2万円
25. 管理費: 4000円
26. 賃料: 8.2万円
26. 管理費: 4000円
","1. 敷金: 7.3万円
1. 礼金: 7.3万円
2. 敷金: 7.3万円
2. 礼金: 7.3万円
3. 敷金: 7.4万円
3. 礼金: 7.4万円
4. 敷金: 7.4万円
4. 礼金: 7.4万円
5. 敷金: 7.4万円
5. 礼金: 7.4万円
6. 敷金: 7.4万円
6. 礼金: 7.4万円
7. 敷金: 7.5万円
7. 礼金: 7.5万円
8. 敷金: 7.5万円
8. 礼金: 7.5万円
9. 敷金: 7.6万円
9. 礼金: 7.6万円
10. 敷金: 7.6万円
10. 礼金: 7.6万円
11. 敷金: 7.6万円
11. 礼金: 7.6万円
12. 敷金: 7.7万円
12. 礼金: 7.7万円
13. 敷金: 7.7万円
13. 礼金: 7.7万円
14. 敷金: 7.8万円
14. 礼金: 7.8万円
15. 敷金: 7.8万円
15. 礼金: 7.8万円
16. 敷金: 7.9万円
16. 礼金: 7.9万円
17. 敷金: 7.9万円
17. 礼金: 7.9万円
18. 敷金: 8万円
18. 礼金: 8万円
19. 敷金: 8万円
19. 礼金: 8万円
20. 敷金: 8万円
20. 礼金: 8万円
21. 敷金: 8.1万円
21. 礼金: 8.1万円
22. 敷金: 8.1万円
22. 礼金: 8.1万円
23. 敷金: 8.2万円
23. 礼金: 8.2万円
24. 敷金: 8.2万円
24. 礼金: 8.2万円
25. 敷金: 8.2万円
25. 礼金: 8.2万円
26. 敷金: 8.2万円
26. 礼金: 8.2万円
","1. 1LDK
1. 30.28m2
2. 1LDK
2. 27.73m2
3. 1LDK
3. 30.11m2
4. 1LDK
4. 30.11m2
5. 1LDK
5. 27.73m2
6. 1LDK
6. 27.42m2
7. 1LDK
7. 27.73m2
8. 1LDK
8. 27.42m2
9. 1LDK
9. 30.11m2
10. 1LDK
10. 30.11m2
11. 1LDK
11. 27.42m2
12. 1LDK
12. 30.11m2
13. 1LDK
13. 30.11m2
14. 1LDK
14. 30.11m2
15. 1LDK
15. 30.11m2
16. 1LDK
16. 33.91m2
17. 1LDK
17. 32.6m2
18. 1LDK
18. 33.91m2
19. 1LDK
19. 32.6m2
20. 1LDK
20. 31.9m2
21. 1LDK
21. 33.91m2
22. 1LDK
22. 32.6m2
23. 1LDK
23. 33.91m2
24. 1LDK
24. 32.6m2
25. 1LDK
25. 31.9m2
26. 1LDK
26. 31.9m2
"
アプリーレ手賀屋,千葉県柏市旭町２,"ＪＲ常磐線/柏駅 歩5分
東武野田線/柏駅 歩5分
ＪＲ常磐線/南柏駅 歩29分
","
築10年
8階建
","
											5階","1. 賃料: 7.8万円
1. 管理費: 6000円
","1. 敷金: 7.8万円
1. 礼金: -
","1. ワンルーム
1. 30.3m2
"
ＪＲ常磐線 柏駅 3階建 築6年,千葉県柏市あけぼの２,"ＪＲ常磐線/柏駅 歩7分
ＪＲ常磐線/北柏駅 歩27分
ＪＲ常磐線/南柏駅 歩43分
","
築6年
3階建
","
											1階","1. 賃料: 6.3万円
1. 管理費: 4000円
","1. 敷金: -
1. 礼金: 6.3万円
","1. 1K
1. 26.08m2
"
ＪＲ常磐線 柏駅 2階建 築6年,千葉県柏市あけぼの４,"ＪＲ常磐線/柏駅 歩7分
東武野田線/柏駅 歩7分
ＪＲ常磐線/北柏駅 歩27分
","
築6年
2階建
","
											2階","1. 賃料: 6.8万円
1. 管理費: -
2. 賃料: 6.8万円
2. 管理費: 3円
3. 賃料: 6.9万円
3. 管理費: -
4. 賃料: 7万円
4. 管理費: -
5. 賃料: 7万円
5. 管理費: 3000円
","1. 敷金: -
1. 礼金: -
2. 敷金: -
2. 礼金: -
3. 敷金: -
3. 礼金: -
4. 敷金: -
4. 礼金: -
5. 敷金: -
5. 礼金: -
","1. 1DK
1. 28.98m2
2. 1DK
2. 28.98m2
3. 1DK
3. 26.91m2
4. 1DK
4. 26.91m2
5. 1DK
5. 26.91m2
"
アーク柏レジデンス,千葉県柏市柏,"ＪＲ常磐線/柏駅 歩6分
つくばエクスプレス/柏の葉キャンパス駅 車15分(5.5km)
ＪＲ常磐線/新松戸駅 車25分(8.4km)
","
築9年
8階建
","
											8階","1. 賃料: 15万円
1. 管理費: 5000円
","1. 敷金: 15万円
1. 礼金: 15万円
","1. 2LDK
1. 64.51m2
"
ＪＲ常磐線 柏駅 2階建 築4年,千葉県柏市あけぼの３,"ＪＲ常磐線/柏駅 歩10分
東武野田線/柏駅 歩10分
ＪＲ常磐線/北柏駅 歩20分
","
築4年
2階建
","
											1階","1. 賃料: 7.8万円
1. 管理費: 3000円
","1. 敷金: -
1. 礼金: 7.8万円
","1. 1LDK
1. 38.87m2
"
ＪＲ常磐線 柏駅 2階建 築4年,千葉県柏市あけぼの３,"ＪＲ常磐線/柏駅 歩10分
東武野田線/柏駅 歩10分
ＪＲ常磐線/北柏駅 歩24分
","
築4年
2階建
","
											1階","1. 賃料: 7.8万円
1. 管理費: 3000円
","1. 敷金: -
1. 礼金: 7.8万円
","1. 1LDK
1. 38.87m2
"
Ｒｅｖｅ,千葉県柏市柏３,"ＪＲ常磐線/柏駅 歩9分
ＪＲ常磐線/北柏駅 歩27分
東武野田線/新柏駅 歩40分
","
築4年
7階建
","
											7階","1. 賃料: 7.5万円
1. 管理費: 5000円
2. 賃料: 8万円
2. 管理費: 5000円
3. 賃料: 8.3万円
3. 管理費: 5000円
","1. 敷金: 7.5万円
1. 礼金: 7.5万円
2. 敷金: 8万円
2. 礼金: 8万円
3. 敷金: 8.3万円
3. 礼金: 8.3万円
","1. 1K
1. 26.04m2
2. 1K
2. 26.04m2
3. 1K
3. 26.04m2
"
ＪＲ常磐線 柏駅 3階建 築6年,千葉県柏市あけぼの１,"ＪＲ常磐線/柏駅 歩5分
ＪＲ常磐線/北柏駅 歩30分
None
","
築6年
3階建
","
											2階","1. 賃料: 6.2万円
1. 管理費: 5000円
2. 賃料: 6.4万円
2. 管理費: 5000円
","1. 敷金: -
1. 礼金: -
2. 敷金: -
2. 礼金: -
","1. 1K
1. 23.17m2
2. 1K
2. 22.02m2
"
ＧＲＡＮＡＤＡ,千葉県柏市あけぼの１,"ＪＲ常磐線/柏駅 歩5分
ＪＲ常磐線/南柏駅 歩37分
つくばエクスプレス/柏の葉キャンパス駅 歩50分
","
築6年
3階建
","
											2階","1. 賃料: 6.2万円
1. 管理費: 5000円
2. 賃料: 6.4万円
2. 管理費: 5000円
","1. 敷金: -
1. 礼金: -
2. 敷金: -
2. 礼金: -
","1. 1K
1. 23.17m2
2. 1K
2. 22.02m2
"
プレミアス柏,千葉県柏市柏３,"ＪＲ常磐線/柏駅 歩5分
東武野田線/柏駅 歩5分
None
","
築9年
3階建
","
											2階","1. 賃料: 10万円
1. 管理費: 4000円
","1. 敷金: 10万円
1. 礼金: 15万円
","1. 1LDK
1. 45.3m2
"
リブリ・柏中央,千葉県柏市柏３,"ＪＲ常磐線/柏駅 歩5分
東武野田線/柏駅 歩5分
ＪＲ常磐線/北柏駅 歩32分
","
築8年
6階建
","
											5階","1. 賃料: 7.1万円
1. 管理費: 4000円
","1. 敷金: -
1. 礼金: 7.1万円
","1. 1K
1. 26.46m2
"
RINOWA,千葉県柏市あけぼの２,"ＪＲ常磐線/柏駅 歩10分
ＪＲ常磐線/北柏駅 バス4分 (バス停)あけぼの町 歩5分
つくばエクスプレス/柏の葉キャンパス駅 バス22分 (バス停)柏第一小学校前 歩5分
","
築2年
3階建
","
											1階","1. 賃料: 6.2万円
1. 管理費: 3000円
","1. 敷金: 6.2万円
1. 礼金: -
","1. 1K
1. 25.87m2
"
